id,created_at,source,original_text,clean_text,sentiment,polarity,subjectivity,lang,favorite_count,retweet_count,original_author,possibly_sensitive,hashtags,user_mentions,place,place_coord_boundaries
1146880345926537216,Thu Jul 04 20:35:57 +0000 2019,"<a href=""http://twitter.com/download/iphone"" rel=""nofollow"">Twitter for iPhone</a>","RT @ISID_org: Our first Plenary Speakers have been confirmed for #ICID2020! Fong Mun Yik of @unimalaya will be speaking on ""Plasmodium know‚Ä¶",Our first Plenary Speakers confirmed Fong Mun Yik speaking `` Plasmodium know‚Ä¶,"Sentiment(polarity=0.325, subjectivity=0.6666666666666666)",0.325,0.6666666666666666,en,0,1,saroberts1,,ICID2020,"ISID_org, unimalaya","Auckland Central, Auckland",
1146847327967203333,Thu Jul 04 18:24:45 +0000 2019,"<a href=""https://mobile.twitter.com"" rel=""nofollow"">Twitter Web App</a>",RT @ShopsPlus: üî• Hot off the press! New brief looks at the #evidence on #privatesector models to accelerate the reduction of #child morbidi‚Ä¶,Hot press New brief looks models accelerate reduction morbidi‚Ä¶,"Sentiment(polarity=0.12878787878787878, subjectivity=0.545959595959596)",0.12878787878787878,0.545959595959596,en,0,3,clara_luke,,"evidence, privatesector, child",ShopsPlus,Abuja,
1146810664771604480,Thu Jul 04 15:59:03 +0000 2019,"<a href=""http://twitter.com/download/android"" rel=""nofollow"">Twitter for Android</a>",RT @ISID_org: Our first Plenary Speakers have been confirmed for #ICID2020! @FaithOsier #malaria #immunologist of @iuis_online and @KEMRI_W‚Ä¶,Our first Plenary Speakers confirmed ‚Ä¶,"Sentiment(polarity=0.325, subjectivity=0.6666666666666666)",0.325,0.6666666666666666,en,0,4,Ian4oyarow,,"ICID2020, malaria, immunologist","ISID_org, FaithOsier, iuis_online","KEMRI WELLCOME TRUST, Kenya",
1146798010552258561,Thu Jul 04 15:08:46 +0000 2019,"<a href=""http://twitter.com/download/android"" rel=""nofollow"">Twitter for Android</a>","https://t.co/kZw7ntR7Tu After World War II, scientists &amp; researchers from #Malaria Control in War Areas, agency cre‚Ä¶ https://t.co/DjEdqIxqyl",After World War II scientists amp researchers Control War Areas agency cre‚Ä¶,"Sentiment(polarity=0.0, subjectivity=0.0)",0.0,0.0,en,1,0,bbbrieger,False,Malaria,,malaria,"[[-76.381944, 39.4511423], [-76.2668197, 39.4511423], [-76.2668197, 39.555058], [-76.381944, 39.555058]]"
1146720419740835840,Thu Jul 04 10:00:27 +0000 2019,"<a href=""https://www.hootsuite.com"" rel=""nofollow"">Hootsuite Inc.</a>","Our first Plenary Speakers have been confirmed for #ICID2020! Fong Mun Yik of @unimalaya will be speaking on ""Plasm‚Ä¶ https://t.co/i6U1SehARJ",Our first Plenary Speakers confirmed Fong Mun Yik speaking `` Plasm‚Ä¶,"Sentiment(polarity=0.325, subjectivity=0.6666666666666666)",0.325,0.6666666666666666,en,1,1,ISID_org,False,ICID2020,unimalaya,"Boston, MA",
1146710502447468544,Thu Jul 04 09:21:03 +0000 2019,"<a href=""http://twitter.com/download/android"" rel=""nofollow"">Twitter for Android</a>",https://t.co/ySojjQFEbm @ASTMH Risk Factors for Household #VectorAbundance Using Indoor CDC Light Traps in a High‚Ä¶ https://t.co/9N7Y7Zqy42,Risk Factors Household Using Indoor CDC Light Traps High‚Ä¶,"Sentiment(polarity=0.4, subjectivity=0.7)",0.4,0.7,en,3,0,bbbrieger,False,VectorAbundance,ASTMH,malaria,"[[-76.381944, 39.4511423], [-76.2668197, 39.4511423], [-76.2668197, 39.555058], [-76.381944, 39.555058]]"
1146610203321913347,Thu Jul 04 02:42:30 +0000 2019,"<a href=""http://twitter.com/download/android"" rel=""nofollow"">Twitter for Android</a>",RT @ISID_org: Our first Plenary Speakers have been confirmed for #ICID2020! @FaithOsier #malaria #immunologist of @iuis_online and @KEMRI_W‚Ä¶,Our first Plenary Speakers confirmed ‚Ä¶,"Sentiment(polarity=0.325, subjectivity=0.6666666666666666)",0.325,0.6666666666666666,en,0,4,MwangiShaban,,"ICID2020, malaria, immunologist","ISID_org, FaithOsier, iuis_online",Kenya,
1146567485065502721,Wed Jul 03 23:52:45 +0000 2019,"<a href=""http://twitter.com/download/iphone"" rel=""nofollow"">Twitter for iPhone</a>",RT @ISID_org: Our first Plenary Speakers have been confirmed for #ICID2020! @FaithOsier #malaria #immunologist of @iuis_online and @KEMRI_W‚Ä¶,Our first Plenary Speakers confirmed ‚Ä¶,"Sentiment(polarity=0.325, subjectivity=0.6666666666666666)",0.325,0.6666666666666666,en,0,4,Maluavi,,"ICID2020, malaria, immunologist","ISID_org, FaithOsier, iuis_online",Costa Rica,
1146516110826561536,Wed Jul 03 20:28:36 +0000 2019,"<a href=""http://twitter.com/download/iphone"" rel=""nofollow"">Twitter for iPhone</a>",RT @ISID_org: Our first Plenary Speakers have been confirmed for #ICID2020! @FaithOsier #malaria #immunologist of @iuis_online and @KEMRI_W‚Ä¶,Our first Plenary Speakers confirmed ‚Ä¶,"Sentiment(polarity=0.325, subjectivity=0.6666666666666666)",0.325,0.6666666666666666,en,0,4,saroberts1,,"ICID2020, malaria, immunologist","ISID_org, FaithOsier, iuis_online","Auckland Central, Auckland",
1146498391700070405,Wed Jul 03 19:18:12 +0000 2019,"<a href=""http://twitter.com"" rel=""nofollow"">Twitter Web Client</a>",Online now: #typhoid toxin is NOT required for infection and the development of early typhoid fever symptoms in hum‚Ä¶ https://t.co/JWPTBPt2cJ,Online toxin NOT required infection development early typhoid fever symptoms hum‚Ä¶,"Sentiment(polarity=0.1, subjectivity=0.3)",0.1,0.3,en,1,0,immuno_stuff,False,typhoid,,"New York, USA",
1146495924123963392,Wed Jul 03 19:08:23 +0000 2019,"<a href=""http://twitter.com/download/iphone"" rel=""nofollow"">Twitter for iPhone</a>","RT @nothingbutnets: Hey wait! üëã üõë

Before you head out on summer vacation, make sure you're staying protected from #malaria. Although malar‚Ä¶",Hey wait Before head summer vacation make sure 're staying protected Although malar‚Ä¶,"Sentiment(polarity=0.5, subjectivity=0.8888888888888888)",0.5,0.8888888888888888,en,0,2,AlisonOWheeler,,malaria,nothingbutnets,"Bethesda, MD",
1146494218371772416,Wed Jul 03 19:01:37 +0000 2019,"<a href=""http://twitter.com/download/iphone"" rel=""nofollow"">Twitter for iPhone</a>",The power of human innovation #NobelPrize #malaria https://t.co/3pJIorrowN,The power human innovation,"Sentiment(polarity=0.0, subjectivity=0.1)",0.0,0.1,en,0,0,AlisonOWheeler,False,"NobelPrize, malaria",,"Bethesda, MD","[[-77.248462, 38.971077], [-77.1418208, 38.971077], [-77.1418208, 39.0693022], [-77.248462, 39.0693022]]"
1146493517910421505,Wed Jul 03 18:58:50 +0000 2019,"<a href=""http://twitter.com"" rel=""nofollow"">Twitter Web Client</a>","Do you: 
[ ] study #parasites like #malaria ?
[ ] want to learn #genomics? 
[ ] want to go to Uruguay?
If yes, chec‚Ä¶ https://t.co/WhNqgfp9eS",Do study like want learn want go Uruguay If yes chec‚Ä¶,"Sentiment(polarity=0.0, subjectivity=0.0)",0.0,0.0,en,3,0,erictdawson,False,"parasites, malaria, genomics",,"Washington, DC",
1146468439239909376,Wed Jul 03 17:19:10 +0000 2019,"<a href=""http://twitter.com"" rel=""nofollow"">Twitter Web Client</a>","With the rise of drug-resistant strains of #malaria, new innovations are desperately needed to meet the challenges‚Ä¶ https://t.co/lDwbdKjMW4",With rise drug-resistant strains new innovations desperately needed meet challenges‚Ä¶,"Sentiment(polarity=-0.2318181818181818, subjectivity=0.7272727272727273)",-0.2318181818181818,0.7272727272727273,en,2,0,drpennyheaton,False,malaria,,"Cambridge, MA",
1146451034665029632,Wed Jul 03 16:10:01 +0000 2019,"<a href=""https://sproutsocial.com"" rel=""nofollow"">Sprout Social</a>",Recent findings by Duke University may be a big step toward stopping #malaria parasites https://t.co/LFFVmu7Fhx,Recent findings Duke University may big step toward stopping parasites,"Sentiment(polarity=0.0, subjectivity=0.175)",0.0,0.175,en,0,0,PCOpro,False,malaria,,"Bay Shore, NY",
1146438943552000000,Wed Jul 03 15:21:58 +0000 2019,"<a href=""http://twitter.com/download/android"" rel=""nofollow"">Twitter for Android</a>","RT @Banyan_Global: Our gender and youth team in #Uganda recently launched ‚ÄúVijana Leo‚Äù, a community-based activity to promote the active ro‚Ä¶",Our gender youth team recently launched ‚Äú Vijana Leo ‚Äù community-based activity promote active ro‚Ä¶,"Sentiment(polarity=-0.06666666666666667, subjectivity=0.425)",-0.06666666666666667,0.425,en,0,2,faryus88,False,Uganda,Banyan_Global,"Dar es Salaam, Tanzania",
1146437525868830720,Wed Jul 03 15:16:20 +0000 2019,"<a href=""http://twitter.com"" rel=""nofollow"">Twitter Web Client</a>",Check out @MTaPS_Program recently published briefs and learn more about its work in areas including pharma-sector f‚Ä¶ https://t.co/sK4zxQ1ySv,Check recently published briefs learn work areas including pharma-sector f‚Ä¶,"Sentiment(polarity=0.0, subjectivity=0.25)",0.0,0.25,en,2,0,marg_to_world,False,,MTaPS_Program,"Washington, DC",
1146423348127305729,Wed Jul 03 14:20:00 +0000 2019,"<a href=""https://about.twitter.com/products/tweetdeck"" rel=""nofollow"">TweetDeck</a>","Our gender and youth team in #Uganda recently launched ‚ÄúVijana Leo‚Äù, a community-based activity to promote the acti‚Ä¶ https://t.co/wPtTumsVg7",Our gender youth team recently launched ‚Äú Vijana Leo ‚Äù community-based activity promote acti‚Ä¶,"Sentiment(polarity=0.0, subjectivity=0.25)",0.0,0.25,en,2,2,Banyan_Global,False,Uganda,,"Washington, D.C.",
1146418292778815489,Wed Jul 03 13:59:55 +0000 2019,"<a href=""http://twitter.com/download/android"" rel=""nofollow"">Twitter for Android</a>","RT @brinatello: For #RedNoseDay 2015, #PeterCapaldi visited Malawi and read a 'death book' of many children contracting #malaria. Today, he‚Ä¶",For 2015 visited Malawi read 'death book many children contracting Today he‚Ä¶,"Sentiment(polarity=0.5, subjectivity=0.5)",0.5,0.5,en,0,10,HiddlesDoctor,,"RedNoseDay, PeterCapaldi, malaria",brinatello,Tardis ,
1146416464104218624,Wed Jul 03 13:52:39 +0000 2019,"<a href=""https://www.hootsuite.com"" rel=""nofollow"">Hootsuite Inc.</a>",Our first Plenary Speakers have been confirmed for #ICID2020! @FaithOsier #malaria #immunologist of @iuis_online an‚Ä¶ https://t.co/TBRb6bRILN,Our first Plenary Speakers confirmed an‚Ä¶,"Sentiment(polarity=0.325, subjectivity=0.6666666666666666)",0.325,0.6666666666666666,en,22,4,ISID_org,False,"ICID2020, malaria, immunologist","FaithOsier, iuis_online","Boston, MA",
1146371931261874176,Wed Jul 03 10:55:41 +0000 2019,"<a href=""http://twitter.com/download/iphone"" rel=""nofollow"">Twitter for iPhone</a>","Fantastic to see the #UnitedKingdom #StepUpTheFight to End #HIV, #TB and #Malaria with a pledge to increase their s‚Ä¶ https://t.co/QzUJXdKYEU",Fantastic see End pledge increase s‚Ä¶,"Sentiment(polarity=0.4, subjectivity=0.9)",0.4,0.9,en,1,1,mmcdonnellnets,False,"UnitedKingdom, StepUpTheFight, HIV, TB, Malaria",,,"[[-77.022864, 38.96569], [-76.9847886, 38.96569], [-76.9847886, 38.9982088], [-77.022864, 38.9982088]]"
1146351891280027648,Wed Jul 03 09:36:03 +0000 2019,"<a href=""http://twitter.com"" rel=""nofollow"">Twitter Web Client</a>",RT @ISID_org: Check out the July issue of the International Journal of Infectious Diseases #IJID #InfectiousDiseases #OpenAccess #AMR #TB #‚Ä¶,Check July issue International Journal Infectious Diseases ‚Ä¶,"Sentiment(polarity=0.0, subjectivity=0.0)",0.0,0.0,en,0,3,IDAdvance,,"IJID, InfectiousDiseases, OpenAccess, AMR, TB",ISID_org,"London, England",
1146331604048056320,Wed Jul 03 08:15:26 +0000 2019,"<a href=""http://twitter.com/download/iphone"" rel=""nofollow"">Twitter for iPhone</a>","RT @abtassociates: Since the introduction of indoor residual spraying in 2017, the Mahama #Refugee Camp saw a 90% reduction in #malaria cas‚Ä¶",Since introduction indoor residual spraying 2017 Mahama Camp saw 90 reduction cas‚Ä¶,"Sentiment(polarity=0.0, subjectivity=0.0)",0.0,0.0,en,0,2,misspdw,,"Refugee, malaria",abtassociates,"Rockville, MD",
1146255962686349312,Wed Jul 03 03:14:52 +0000 2019,"<a href=""http://twitter.com/download/iphone"" rel=""nofollow"">Twitter for iPhone</a>","RT @nothingbutnets: Hey wait! üëã üõë

Before you head out on summer vacation, make sure you're staying protected from #malaria. Although malar‚Ä¶",Hey wait Before head summer vacation make sure 're staying protected Although malar‚Ä¶,"Sentiment(polarity=0.5, subjectivity=0.8888888888888888)",0.5,0.8888888888888888,en,0,2,EdsonAKodama,,malaria,nothingbutnets,"Westchester County, NY",
1146183226643406853,Tue Jul 02 22:25:50 +0000 2019,"<a href=""http://twitter.com/download/android"" rel=""nofollow"">Twitter for Android</a>","RT @CCK_Law: Ex-Soldier Who Killed 16 Seeks New Trial in Civilian Court, Blames #Malaria Drug. #Mefloquine #Liriam https://t.co/DJVCRHUHU6",Ex-Soldier Who Killed 16 Seeks New Trial Civilian Court Blames Drug,"Sentiment(polarity=-0.03181818181818183, subjectivity=0.22727272727272727)",-0.03181818181818183,0.22727272727272727,en,0,2,johndowe49,False,"Malaria, Mefloquine, Liriam",CCK_Law,,
1146162906356228096,Tue Jul 02 21:05:06 +0000 2019,"<a href=""http://twitter.com/download/iphone"" rel=""nofollow"">Twitter for iPhone</a>",RT @drpennyheaton: New high-resolution maps published in @TheLancet shine light on the global burden of #malaria. An incredible accomplishm‚Ä¶,New high-resolution maps published shine light global burden An incredible accomplishm‚Ä¶,"Sentiment(polarity=0.3590909090909091, subjectivity=0.5136363636363637)",0.3590909090909091,0.5136363636363637,en,0,4,mfw_official,,malaria,"drpennyheaton, TheLancet",,
1146158446871556096,Tue Jul 02 20:47:22 +0000 2019,"<a href=""http://twitter.com/download/iphone"" rel=""nofollow"">Twitter for iPhone</a>","RT @CCK_Law: Ex-Soldier Who Killed 16 Seeks New Trial in Civilian Court, Blames #Malaria Drug. #Mefloquine #Liriam https://t.co/DJVCRHUHU6",Ex-Soldier Who Killed 16 Seeks New Trial Civilian Court Blames Drug,"Sentiment(polarity=-0.03181818181818183, subjectivity=0.22727272727272727)",-0.03181818181818183,0.22727272727272727,en,0,2,RemingtonNevin,False,"Malaria, Mefloquine, Liriam",CCK_Law,"White River Junction, VT",
1146150501517602817,Tue Jul 02 20:15:48 +0000 2019,"<a href=""http://twitter.com/download/iphone"" rel=""nofollow"">Twitter for iPhone</a>","RT @PreventTyphoid: Thanks to the dedication of health workers, such as Osward from @UMCVD, @polymalawi, @umichsph &amp; @michiganstateu Blanty‚Ä¶",Thanks dedication health workers Osward amp Blanty‚Ä¶,"Sentiment(polarity=0.2, subjectivity=0.2)",0.2,0.2,en,0,1,EmmaNedell,,,"PreventTyphoid, UMCVD, polymalawi, umichsph, michiganstateu","Washington, DC",
1146147342430720001,Tue Jul 02 20:03:15 +0000 2019,"<a href=""http://twitter.com/download/android"" rel=""nofollow"">Twitter for Android</a>","RT @seamhealth: Strengthening #HealthSecurity must start by protecting people from diseases they face today. #HIV, #TB &amp; #malaria are three‚Ä¶",Strengthening must start protecting people diseases face today amp three‚Ä¶,"Sentiment(polarity=0.0, subjectivity=0.0)",0.0,0.0,en,0,2,imp_solutions,,"HealthSecurity, HIV, TB, malaria",seamhealth,Lagos,
1146146158747762688,Tue Jul 02 19:58:33 +0000 2019,"<a href=""http://twitter.com/download/iphone"" rel=""nofollow"">Twitter for iPhone</a>",RT @NASARain: Did you know #NASA satellites are used to fight mosquito-borne diseases like #Zika &amp; #Malaria? Learn about five different @NA‚Ä¶,Did know satellites used fight mosquito-borne diseases like amp Learn five different ‚Ä¶,"Sentiment(polarity=0.0, subjectivity=0.6)",0.0,0.6,en,0,6,Eunsang_UNH,,"NASA, Zika, Malaria",NASARain,"Durham, NH, USA",
1146137591684718593,Tue Jul 02 19:24:30 +0000 2019,"<a href=""http://twitter.com/download/android"" rel=""nofollow"">Twitter for Android</a>",RT @PreventTyphoid: üß¨Genomic sequencing shows that misuse of antibiotics üíä may dictate the geographic distribution of drug-resistant #typho‚Ä¶,üß¨Genomic sequencing shows misuse antibiotics may dictate geographic distribution drug-resistant ‚Ä¶,"Sentiment(polarity=0.0, subjectivity=0.0)",0.0,0.0,en,0,1,Ngeno_eric,,,PreventTyphoid,Kenya,
1146135214210584578,Tue Jul 02 19:15:03 +0000 2019,"<a href=""http://twitter.com/download/iphone"" rel=""nofollow"">Twitter for iPhone</a>",RT @drpennyheaton: New high-resolution maps published in @TheLancet shine light on the global burden of #malaria. An incredible accomplishm‚Ä¶,New high-resolution maps published shine light global burden An incredible accomplishm‚Ä¶,"Sentiment(polarity=0.3590909090909091, subjectivity=0.5136363636363637)",0.3590909090909091,0.5136363636363637,en,0,4,nwnancy,,malaria,"drpennyheaton, TheLancet","Seattle, WA",
1146133133579808768,Tue Jul 02 19:06:47 +0000 2019,"<a href=""https://mobile.twitter.com"" rel=""nofollow"">Twitter Web App</a>",RT @drpennyheaton: New high-resolution maps published in @TheLancet shine light on the global burden of #malaria. An incredible accomplishm‚Ä¶,New high-resolution maps published shine light global burden An incredible accomplishm‚Ä¶,"Sentiment(polarity=0.3590909090909091, subjectivity=0.5136363636363637)",0.3590909090909091,0.5136363636363637,en,0,4,IHME_UW,,malaria,"drpennyheaton, TheLancet","Seattle, Washington",
1146125197302366209,Tue Jul 02 18:35:15 +0000 2019,"<a href=""http://twitter.com/download/iphone"" rel=""nofollow"">Twitter for iPhone</a>",RT @drpennyheaton: New high-resolution maps published in @TheLancet shine light on the global burden of #malaria. An incredible accomplishm‚Ä¶,New high-resolution maps published shine light global burden An incredible accomplishm‚Ä¶,"Sentiment(polarity=0.3590909090909091, subjectivity=0.5136363636363637)",0.3590909090909091,0.5136363636363637,en,0,4,simonihay,,malaria,"drpennyheaton, TheLancet",University of Washington,
1146111650476568582,Tue Jul 02 17:41:25 +0000 2019,"<a href=""http://twitter.com"" rel=""nofollow"">Twitter Web Client</a>",New high-resolution maps published in @TheLancet shine light on the global burden of #malaria. An incredible accomp‚Ä¶ https://t.co/63Dt1bnHh4,New high-resolution maps published shine light global burden An incredible accomp‚Ä¶,"Sentiment(polarity=0.3590909090909091, subjectivity=0.5136363636363637)",0.3590909090909091,0.5136363636363637,en,10,4,drpennyheaton,False,malaria,TheLancet,"Cambridge, MA",
1146108777252438017,Tue Jul 02 17:30:00 +0000 2019,"<a href=""https://about.twitter.com/products/tweetdeck"" rel=""nofollow"">TweetDeck</a>",üß¨Genomic sequencing shows that misuse of antibiotics üíä may dictate the geographic distribution of drug-resistant‚Ä¶ https://t.co/IYpXR1RkBr,üß¨Genomic sequencing shows misuse antibiotics may dictate geographic distribution drug-resistant‚Ä¶,"Sentiment(polarity=0.0, subjectivity=0.0)",0.0,0.0,en,1,1,PreventTyphoid,False,,,"Washington, DC",
1146108013880602624,Tue Jul 02 17:26:58 +0000 2019,"<a href=""http://twitter.com"" rel=""nofollow"">Twitter Web Client</a>",The Johns Hopkins Malaria Research Institute will host its 5th Future of Malaria Research Symposium. The meeting wi‚Ä¶ https://t.co/TANovLR8mC,The Johns Hopkins Malaria Research Institute host 5th Future Malaria Research Symposium The meeting wi‚Ä¶,"Sentiment(polarity=0.0, subjectivity=0.125)",0.0,0.125,en,2,0,Chinmay_Tikhe,False,,,Baltimore,
1146101688488603648,Tue Jul 02 17:01:50 +0000 2019,"<a href=""https://www.hootsuite.com"" rel=""nofollow"">Hootsuite Inc.</a>",RT @NASARain: Did you know #NASA satellites are used to fight mosquito-borne diseases like #Zika &amp; #Malaria? Learn about five different @NA‚Ä¶,Did know satellites used fight mosquito-borne diseases like amp Learn five different ‚Ä¶,"Sentiment(polarity=0.0, subjectivity=0.6)",0.0,0.6,en,0,6,USGS_EROS,,"NASA, Zika, Malaria",NASARain,"Sioux Falls, SD",
1146096606539857920,Tue Jul 02 16:41:39 +0000 2019,"<a href=""http://twitter.com"" rel=""nofollow"">Twitter Web Client</a>","Ex-Soldier Who Killed 16 Seeks New Trial in Civilian Court, Blames #Malaria Drug. #Mefloquine #Liriam https://t.co/DJVCRHUHU6",Ex-Soldier Who Killed 16 Seeks New Trial Civilian Court Blames Drug,"Sentiment(polarity=-0.03181818181818183, subjectivity=0.22727272727272727)",-0.03181818181818183,0.22727272727272727,en,1,2,CCK_Law,False,"Malaria, Mefloquine, Liriam",,"Providence, Rhode Island",
1146096303048462336,Tue Jul 02 16:40:26 +0000 2019,"<a href=""http://twitter.com"" rel=""nofollow"">Twitter Web Client</a>",RT @NASARain: Did you know #NASA satellites are used to fight mosquito-borne diseases like #Zika &amp; #Malaria? Learn about five different @NA‚Ä¶,Did know satellites used fight mosquito-borne diseases like amp Learn five different ‚Ä¶,"Sentiment(polarity=0.0, subjectivity=0.6)",0.0,0.6,en,0,6,ORNLDAAC,,"NASA, Zika, Malaria",NASARain,"Oak Ridge National Laboratory, TN",
1146094190327189504,Tue Jul 02 16:32:03 +0000 2019,"<a href=""https://buffer.com"" rel=""nofollow"">Buffer</a>","Hey wait! üëã üõë

Before you head out on summer vacation, make sure you're staying protected from #malaria. Although m‚Ä¶ https://t.co/6kcJVVvMQo",Hey wait Before head summer vacation make sure 're staying protected Although m‚Ä¶,"Sentiment(polarity=0.5, subjectivity=0.8888888888888888)",0.5,0.8888888888888888,en,7,2,nothingbutnets,False,malaria,,"Washington, DC",
1146093775409864704,Tue Jul 02 16:30:24 +0000 2019,"<a href=""https://www.hootsuite.com"" rel=""nofollow"">Hootsuite Inc.</a>",Combatting mosquitoes with an engineered fungus: https://t.co/acu5yfZKob  #FundNIH #malaria #westnile,Combatting mosquitoes engineered fungus,"Sentiment(polarity=0.0, subjectivity=0.0)",0.0,0.0,en,0,0,ACTforNIH,False,"FundNIH, malaria, westnile",,"Washington, DC",
1146087480057303043,Tue Jul 02 16:05:23 +0000 2019,"<a href=""http://twitter.com"" rel=""nofollow"">Twitter Web Client</a>",Did you know #NASA satellites are used to fight mosquito-borne diseases like #Zika &amp; #Malaria? Learn about five dif‚Ä¶ https://t.co/ZfMqks87Og,Did know satellites used fight mosquito-borne diseases like amp Learn five dif‚Ä¶,"Sentiment(polarity=0.0, subjectivity=0.0)",0.0,0.0,en,7,6,NASARain,False,"NASA, Zika, Malaria",,Goddard Space Flight Center,
1146081870611976195,Tue Jul 02 15:43:05 +0000 2019,"<a href=""https://sproutsocial.com"" rel=""nofollow"">Sprout Social</a>","Scientists may have discovered #malaria's ""Achilles heel"" https://t.co/Oc29T68HBC via @PMP_magazine #mosquitoes",Scientists may discovered 's `` Achilles heel '' via,"Sentiment(polarity=0.0, subjectivity=0.0)",0.0,0.0,en,1,0,PCOpro,False,"malaria, mosquitoes",PMP_magazine,"Bay Shore, NY",
1146068128037834752,Tue Jul 02 14:48:29 +0000 2019,"<a href=""http://twitter.com/download/iphone"" rel=""nofollow"">Twitter for iPhone</a>","RT @TrendsParasitol: New Review on #mosquito vectors in #Thailand and the Greater Mekong Subregion - biodiversity, behavioral traits, vecto‚Ä¶",New Review vectors Greater Mekong Subregion biodiversity behavioral traits vecto‚Ä¶,"Sentiment(polarity=0.3181818181818182, subjectivity=0.4772727272727273)",0.3181818181818182,0.4772727272727273,en,0,4,atonkal,,"mosquito, Thailand",TrendsParasitol,"Jeddah, Saudi Arabia",
1146068106135007233,Tue Jul 02 14:48:24 +0000 2019,"<a href=""http://twitter.com/download/iphone"" rel=""nofollow"">Twitter for iPhone</a>",RT @TrendsParasitol: Challenges and opportunities of introducing transmission-blocking vaccines for #malaria control @camilahcoelho @NIAIDN‚Ä¶,Challenges opportunities introducing transmission-blocking vaccines control ‚Ä¶,"Sentiment(polarity=0.0, subjectivity=0.0)",0.0,0.0,en,0,4,atonkal,,malaria,"TrendsParasitol, camilahcoelho","Jeddah, Saudi Arabia",
1146065571668090882,Tue Jul 02 14:38:19 +0000 2019,"<a href=""http://twitter.com"" rel=""nofollow"">Twitter Web Client</a>","RT @TrendsParasitol: New Review on #mosquito vectors in #Thailand and the Greater Mekong Subregion - biodiversity, behavioral traits, vecto‚Ä¶",New Review vectors Greater Mekong Subregion biodiversity behavioral traits vecto‚Ä¶,"Sentiment(polarity=0.3181818181818182, subjectivity=0.4772727272727273)",0.3181818181818182,0.4772727272727273,en,0,4,TrendsParasitol,,"mosquito, Thailand",TrendsParasitol,"Cambridge, MA",
1146065504471142401,Tue Jul 02 14:38:03 +0000 2019,"<a href=""http://twitter.com"" rel=""nofollow"">Twitter Web Client</a>",RT @TrendsParasitol: Challenges and opportunities of introducing transmission-blocking vaccines for #malaria control @camilahcoelho @NIAIDN‚Ä¶,Challenges opportunities introducing transmission-blocking vaccines control ‚Ä¶,"Sentiment(polarity=0.0, subjectivity=0.0)",0.0,0.0,en,0,4,TrendsParasitol,,malaria,"TrendsParasitol, camilahcoelho","Cambridge, MA",
1146063044989992960,Tue Jul 02 14:28:17 +0000 2019,"<a href=""http://twitter.com/download/android"" rel=""nofollow"">Twitter for Android</a>","RT @PreventTyphoid: Speaking of #Malawi üá≤üáº, check out the latest research on risk factors associated with #typhoid fever from our friends a‚Ä¶",Speaking üá≤üáº check latest research risk factors associated fever friends a‚Ä¶,"Sentiment(polarity=0.5, subjectivity=0.9)",0.5,0.9,en,0,2,MelitaGordon5,,"Malawi, typhoid",PreventTyphoid,Malawi,
1146059983718686720,Tue Jul 02 14:16:07 +0000 2019,"<a href=""http://twitter.com"" rel=""nofollow"">Twitter Web Client</a>",Eradicating #Malaria 'Still Many Years Away' https://t.co/hhGPEyppEd @TheLancetInfDis @IDSAInfo,Eradicating 'Still Many Years Away,"Sentiment(polarity=0.5, subjectivity=0.5)",0.5,0.5,en,0,0,KwanKew,False,Malaria,"TheLancetInfDis, IDSAInfo","Massachusetts, USA",
1146058555641888768,Tue Jul 02 14:10:27 +0000 2019,"<a href=""http://twitter.com"" rel=""nofollow"">Twitter Web Client</a>","""Viral #hepatitis mortality is becoming a bigger global threat than death from #HIV/#AIDS, #malaria and‚Ä¶ https://t.co/QqDF47Ktth",`` Viral mortality becoming bigger global threat death and‚Ä¶,"Sentiment(polarity=0.15, subjectivity=0.45)",0.15,0.45,en,4,2,AmeshAA,False,"hepatitis, HIV, AIDS, malaria",,"Pittsburgh, Baltimore, NYC","[[-80.519851, 39.719801], [-74.689517, 39.719801], [-74.689517, 42.516072], [-80.519851, 42.516072]]"
1146056050090528770,Tue Jul 02 14:00:29 +0000 2019,"<a href=""http://twitter.com/download/android"" rel=""nofollow"">Twitter for Android</a>","RT @PreventTyphoid: Speaking of #Malawi üá≤üáº, check out the latest research on risk factors associated with #typhoid fever from our friends a‚Ä¶",Speaking üá≤üáº check latest research risk factors associated fever friends a‚Ä¶,"Sentiment(polarity=0.5, subjectivity=0.9)",0.5,0.9,en,0,2,MlwTrust,,"Malawi, typhoid",PreventTyphoid,Malawi,
1146055926878810112,Tue Jul 02 14:00:00 +0000 2019,"<a href=""https://about.twitter.com/products/tweetdeck"" rel=""nofollow"">TweetDeck</a>","Speaking of #Malawi üá≤üáº, check out the latest research on risk factors associated with #typhoid fever from our frien‚Ä¶ https://t.co/3dUiMEWB1L",Speaking üá≤üáº check latest research risk factors associated fever frien‚Ä¶,"Sentiment(polarity=0.5, subjectivity=0.9)",0.5,0.9,en,6,2,PreventTyphoid,False,"Malawi, typhoid",,"Washington, DC",
1146053652337106945,Tue Jul 02 13:50:58 +0000 2019,"<a href=""http://twitter.com/download/android"" rel=""nofollow"">Twitter for Android</a>",RT @climatelinks: Check out the recorded webinar of @ATLAS_Climate May ACM on climate and #malaria risks in Africa: https://t.co/piFjFyS21x‚Ä¶,Check recorded webinar May ACM climate risks Africa,"Sentiment(polarity=0.0, subjectivity=0.0)",0.0,0.0,en,0,1,ATLAS_climate,False,malaria,"climatelinks, ATLAS_climate","Washington, DC",
1146052160972623878,Tue Jul 02 13:45:02 +0000 2019,"<a href=""https://sproutsocial.com"" rel=""nofollow"">Sprout Social</a>","Since the introduction of indoor residual spraying in 2017, the Mahama #Refugee Camp saw a 90% reduction in‚Ä¶ https://t.co/OH9KmKMEzT",Since introduction indoor residual spraying 2017 Mahama Camp saw 90 reduction in‚Ä¶,"Sentiment(polarity=0.0, subjectivity=0.0)",0.0,0.0,en,2,2,abtassociates,False,Refugee,,"Rockville, MD",
1146051204088303616,Tue Jul 02 13:41:14 +0000 2019,"<a href=""http://twitter.com/download/iphone"" rel=""nofollow"">Twitter for iPhone</a>",RT @ISID_org: Check out the July issue of the International Journal of Infectious Diseases #IJID #InfectiousDiseases #OpenAccess #AMR #TB #‚Ä¶,Check July issue International Journal Infectious Diseases ‚Ä¶,"Sentiment(polarity=0.0, subjectivity=0.0)",0.0,0.0,en,0,3,jczm1991,,"IJID, InfectiousDiseases, OpenAccess, AMR, TB",ISID_org,"San Pedro Sula, Honduras",
1146048377060302849,Tue Jul 02 13:30:00 +0000 2019,"<a href=""https://about.twitter.com/products/tweetdeck"" rel=""nofollow"">TweetDeck</a>","Thanks to the dedication of health workers, such as Osward from @UMCVD, @polymalawi, @umichsph &amp; @michiganstateu Bl‚Ä¶ https://t.co/jNwLvrNYT9",Thanks dedication health workers Osward amp Bl‚Ä¶,"Sentiment(polarity=0.2, subjectivity=0.2)",0.2,0.2,en,3,1,PreventTyphoid,False,,"UMCVD, polymalawi, umichsph, michiganstateu","Washington, DC",
1146047332280098821,Tue Jul 02 13:25:51 +0000 2019,"<a href=""http://twitter.com"" rel=""nofollow"">Twitter Web Client</a>",RT @ISID_org: Check out the July issue of the International Journal of Infectious Diseases #IJID #InfectiousDiseases #OpenAccess #AMR #TB #‚Ä¶,Check July issue International Journal Infectious Diseases ‚Ä¶,"Sentiment(polarity=0.0, subjectivity=0.0)",0.0,0.0,en,0,3,TheLancetInfDis,,"IJID, InfectiousDiseases, OpenAccess, AMR, TB",ISID_org,London,
1146045915565834241,Tue Jul 02 13:20:13 +0000 2019,"<a href=""https://www.hootsuite.com"" rel=""nofollow"">Hootsuite Inc.</a>",Check out the recorded webinar of @ATLAS_Climate May ACM on climate and #malaria risks in Africa: https://t.co/piFjFyS21x #GlobalHealth,Check recorded webinar May ACM climate risks Africa,"Sentiment(polarity=0.0, subjectivity=0.0)",0.0,0.0,en,0,1,climatelinks,False,"malaria, GlobalHealth",ATLAS_climate,"Washington, DC",
1146038336970248192,Tue Jul 02 12:50:06 +0000 2019,"<a href=""https://www.hootsuite.com"" rel=""nofollow"">Hootsuite Inc.</a>",Check out the July issue of the International Journal of Infectious Diseases #IJID #InfectiousDiseases #OpenAccess‚Ä¶ https://t.co/ubdhBdQBjV,Check July issue International Journal Infectious Diseases ‚Ä¶,"Sentiment(polarity=0.0, subjectivity=0.0)",0.0,0.0,en,5,3,ISID_org,False,"IJID, InfectiousDiseases, OpenAccess",,"Boston, MA",
1146020838925361152,Tue Jul 02 11:40:34 +0000 2019,"<a href=""http://twitter.com/download/android"" rel=""nofollow"">Twitter for Android</a>",https://t.co/d0vpce8KVO Human #behaviour and #residual #malaria transmission in #Zanzibar: findings from in-depth i‚Ä¶ https://t.co/A4tO1ZDtQp,Human transmission findings in-depth i‚Ä¶,"Sentiment(polarity=0.0, subjectivity=0.1)",0.0,0.1,en,2,0,bbbrieger,False,"behaviour, residual, malaria, Zanzibar",,malaria,"[[-76.381944, 39.4511423], [-76.2668197, 39.4511423], [-76.2668197, 39.555058], [-76.381944, 39.555058]]"
1146019980573630464,Tue Jul 02 11:37:10 +0000 2019,"<a href=""http://twitter.com/download/android"" rel=""nofollow"">Twitter for Android</a>",https://t.co/9ul1zkSGaz Transmission risk beyond the village: #entomological and human factors contributing to‚Ä¶ https://t.co/sQ16qaJYJs,Transmission risk beyond village human factors contributing to‚Ä¶,"Sentiment(polarity=0.0, subjectivity=0.1)",0.0,0.1,en,1,0,bbbrieger,False,entomological,,malaria,"[[-76.381944, 39.4511423], [-76.2668197, 39.4511423], [-76.2668197, 39.555058], [-76.381944, 39.555058]]"
1145978295491715072,Tue Jul 02 08:51:31 +0000 2019,"<a href=""http://twitter.com/download/android"" rel=""nofollow"">Twitter for Android</a>",https://t.co/sj2QypgsPN @ASTMH Peak #ITN use occurred 1‚Äì3 months after peak #rainfall &amp; corresponded w peak‚Ä¶ https://t.co/Grosf51UZJ,Peak use occurred 1‚Äì3 months peak amp corresponded w peak‚Ä¶,"Sentiment(polarity=0.0, subjectivity=0.0)",0.0,0.0,en,1,1,bbbrieger,False,"ITN, rainfall",ASTMH,malaria,"[[-76.381944, 39.4511423], [-76.2668197, 39.4511423], [-76.2668197, 39.555058], [-76.381944, 39.555058]]"
1145917259753369605,Tue Jul 02 04:48:59 +0000 2019,"<a href=""http://twitter.com"" rel=""nofollow"">Twitter Web Client</a>","RT @USAIDAsiaHQ: #DYK Thailand is on track to eliminate #malaria by 2024? You might hear that ‚Äòsurveillance‚Äô is key to malaria elimination,‚Ä¶",Thailand track eliminate 2024 You might hear ‚Äò surveillance ‚Äô key malaria elimination ‚Ä¶,"Sentiment(polarity=0.0, subjectivity=1.0)",0.0,1.0,en,0,2,USAIDAsia,,"DYK, malaria",USAIDAsiaHQ,"Bangkok, Thailand",
1145883240605081601,Tue Jul 02 02:33:48 +0000 2019,"<a href=""http://twitter.com/download/android"" rel=""nofollow"">Twitter for Android</a>",Humble bed indeed. Corey living in the alley behind the house and Evelyn could not care less ü§£ü§£ü§£ #malaria‚Ä¶ https://t.co/VcZEUPMnmx,Humble bed indeed Corey living alley behind house Evelyn could care less ü§£ü§£ü§£ ‚Ä¶,"Sentiment(polarity=-0.2555555555555556, subjectivity=0.3888888888888889)",-0.2555555555555556,0.3888888888888889,en,8,0,oashbado,False,malaria,,"Brooklyn, NY",
1145868232051609601,Tue Jul 02 01:34:10 +0000 2019,"<a href=""http://twitter.com/download/iphone"" rel=""nofollow"">Twitter for iPhone</a>","@GavinNewsom Was she #Homeless as well!? What do I know? The #Homeless don‚Äôt need any #glasses, I suppose. What the‚Ä¶ https://t.co/Lq0e0gxw56",Was well What I know The ‚Äô need I suppose What the‚Ä¶,"Sentiment(polarity=0.0, subjectivity=0.0)",0.0,0.0,en,0,0,davyjoe1957,False,"Homeless, Homeless, glasses",GavinNewsom,"Owings Mills, MD",
1145850513226907648,Tue Jul 02 00:23:45 +0000 2019,"<a href=""http://twitter.com/download/android"" rel=""nofollow"">Twitter for Android</a>",RT @TrendsParasitol: Check out our new review on blood‚Äìbrain barrier in cerebral #malaria - molecular mechanism and therapeutic potentials‚Ä¶,Check new review blood‚Äìbrain barrier cerebral molecular mechanism therapeutic potentials‚Ä¶,"Sentiment(polarity=0.13636363636363635, subjectivity=0.45454545454545453)",0.13636363636363635,0.45454545454545453,en,0,3,owuorgpo,,malaria,TrendsParasitol,"Worcester, MA",
1145808298987413504,Mon Jul 01 21:36:01 +0000 2019,"<a href=""https://buffer.com"" rel=""nofollow"">Buffer</a>",Can scientists genetically engineer mosquitos to eliminate #malaria? Professor Ethan Bier from @UCSanDiego believes‚Ä¶ https://t.co/mf6a7P7jRa,Can scientists genetically engineer mosquitos eliminate Professor Ethan Bier believes‚Ä¶,"Sentiment(polarity=0.0, subjectivity=0.0)",0.0,0.0,en,0,0,uctelevision,False,malaria,UCSanDiego,California,
1145805726616567808,Mon Jul 01 21:25:47 +0000 2019,"<a href=""http://twitter.com/download/android"" rel=""nofollow"">Twitter for Android</a>","RT @Banyan_Global: Last month, youth in #Uganda participated in community-based #malaria prevention activities, led by members of the Banya‚Ä¶",Last month youth participated community-based prevention activities led members Banya‚Ä¶,"Sentiment(polarity=0.0, subjectivity=0.06666666666666667)",0.0,0.06666666666666667,en,0,1,faryus88,,"Uganda, malaria",Banyan_Global,"Dar es Salaam, Tanzania",
1145798821206732800,Mon Jul 01 20:58:21 +0000 2019,"<a href=""http://twitter.com/download/iphone"" rel=""nofollow"">Twitter for iPhone</a>",RT @PreventTyphoid: #TCVs offer vulnerable populations living in flood-prone üåßÔ∏è regions a cost-effective option to defend against #typhoid.‚Ä¶,offer vulnerable populations living flood-prone Ô∏è regions cost-effective option defend .‚Ä¶,"Sentiment(polarity=-0.5, subjectivity=0.5)",-0.5,0.5,en,0,1,wallisml,,"TCVs, typhoid",PreventTyphoid,United States,
1145795305046269954,Mon Jul 01 20:44:23 +0000 2019,"<a href=""https://twitter.facelift-cloud.com"" rel=""nofollow"">Facelift Cloud</a>",Controlling deadly malaria without chemicals https://t.co/JQnojrLMJj via @UCRiverside @EurekAlert‚Ä¶ https://t.co/8AT9f1wWCC,Controlling deadly malaria without chemicals via ‚Ä¶,"Sentiment(polarity=-0.2, subjectivity=0.4)",-0.2,0.4,en,3,0,EurekAlert,False,,"UCRiverside, EurekAlert","Washington, D.C.",
1145784136579203072,Mon Jul 01 20:00:00 +0000 2019,"<a href=""https://about.twitter.com/products/tweetdeck"" rel=""nofollow"">TweetDeck</a>",#TCVs offer vulnerable populations living in flood-prone üåßÔ∏è regions a cost-effective option to defend against‚Ä¶ https://t.co/wUloCWHYMq,offer vulnerable populations living flood-prone Ô∏è regions cost-effective option defend against‚Ä¶,"Sentiment(polarity=-0.5, subjectivity=0.5)",-0.5,0.5,en,4,1,PreventTyphoid,False,TCVs,,"Washington, DC",
1145779742941044738,Mon Jul 01 19:42:32 +0000 2019,"<a href=""http://twitter.com"" rel=""nofollow"">Twitter Web Client</a>",RT @TrendsParasitol: Check out our new review on blood‚Äìbrain barrier in cerebral #malaria - molecular mechanism and therapeutic potentials‚Ä¶,Check new review blood‚Äìbrain barrier cerebral molecular mechanism therapeutic potentials‚Ä¶,"Sentiment(polarity=0.13636363636363635, subjectivity=0.45454545454545453)",0.13636363636363635,0.45454545454545453,en,0,3,TrendsParasitol,,malaria,TrendsParasitol,"Cambridge, MA",
1145772330175606785,Mon Jul 01 19:13:05 +0000 2019,"<a href=""http://twitter.com"" rel=""nofollow"">Twitter Web Client</a>","Without continued action, progress towards eradicating three of the world's deadliest epidemics is at risk. Hopeful‚Ä¶ https://t.co/k2u8Rgz2TE",Without continued action progress towards eradicating three world 's deadliest epidemics risk Hopeful‚Ä¶,"Sentiment(polarity=0.1, subjectivity=0.1)",0.1,0.1,en,0,0,humanitasglobal,False,,,"Washington, DC",
1145758487458111496,Mon Jul 01 18:18:05 +0000 2019,"<a href=""https://dlvrit.com/"" rel=""nofollow"">dlvr.it</a>","RT @TrendsParasitol: New Review on #mosquito vectors in #Thailand and the Greater Mekong Subregion - biodiversity, behavioral traits, vecto‚Ä¶",New Review vectors Greater Mekong Subregion biodiversity behavioral traits vecto‚Ä¶,"Sentiment(polarity=0.3181818181818182, subjectivity=0.4772727272727273)",0.3181818181818182,0.4772727272727273,en,0,4,BehavEcolPapers,,"mosquito, Thailand",TrendsParasitol,global,
1145756095413018624,Mon Jul 01 18:08:34 +0000 2019,"<a href=""https://dlvrit.com/"" rel=""nofollow"">dlvr.it</a>","RT @TrendsParasitol: New Review on #mosquito vectors in #Thailand and the Greater Mekong Subregion - biodiversity, behavioral traits, vecto‚Ä¶",New Review vectors Greater Mekong Subregion biodiversity behavioral traits vecto‚Ä¶,"Sentiment(polarity=0.3181818181818182, subjectivity=0.4772727272727273)",0.3181818181818182,0.4772727272727273,en,0,4,bloodSparasites,,"mosquito, Thailand",TrendsParasitol,global,
1145755641971126274,Mon Jul 01 18:06:46 +0000 2019,"<a href=""http://twitter.com"" rel=""nofollow"">Twitter Web Client</a>","New Review on #mosquito vectors in #Thailand and the Greater Mekong Subregion - biodiversity, behavioral traits, ve‚Ä¶ https://t.co/48ZSdJEPim",New Review vectors Greater Mekong Subregion biodiversity behavioral traits ve‚Ä¶,"Sentiment(polarity=0.3181818181818182, subjectivity=0.4772727272727273)",0.3181818181818182,0.4772727272727273,en,3,4,TrendsParasitol,False,"mosquito, Thailand",,"Cambridge, MA",
1145748043171368960,Mon Jul 01 17:36:35 +0000 2019,"<a href=""https://dlvrit.com/"" rel=""nofollow"">dlvr.it</a>",RT @TrendsParasitol: Challenges and opportunities of introducing transmission-blocking vaccines for #malaria control @camilahcoelho @NIAIDN‚Ä¶,Challenges opportunities introducing transmission-blocking vaccines control ‚Ä¶,"Sentiment(polarity=0.0, subjectivity=0.0)",0.0,0.0,en,0,4,bloodSparasites,,malaria,"TrendsParasitol, camilahcoelho",global,
1145746505409728513,Mon Jul 01 17:30:28 +0000 2019,"<a href=""http://twitter.com/download/iphone"" rel=""nofollow"">Twitter for iPhone</a>",RT @TrendsParasitol: Challenges and opportunities of introducing transmission-blocking vaccines for #malaria control @camilahcoelho @NIAIDN‚Ä¶,Challenges opportunities introducing transmission-blocking vaccines control ‚Ä¶,"Sentiment(polarity=0.0, subjectivity=0.0)",0.0,0.0,en,0,4,camilahcoelho,,malaria,"TrendsParasitol, camilahcoelho","Bethesda, MD",
1145745403100520454,Mon Jul 01 17:26:05 +0000 2019,"<a href=""http://twitter.com"" rel=""nofollow"">Twitter Web Client</a>",Challenges and opportunities of introducing transmission-blocking vaccines for #malaria control @camilahcoelho‚Ä¶ https://t.co/ROkUarY3bk,Challenges opportunities introducing transmission-blocking vaccines control ‚Ä¶,"Sentiment(polarity=0.0, subjectivity=0.0)",0.0,0.0,en,4,4,TrendsParasitol,False,malaria,camilahcoelho,"Cambridge, MA",
1145728771183431680,Mon Jul 01 16:20:00 +0000 2019,"<a href=""https://about.twitter.com/products/tweetdeck"" rel=""nofollow"">TweetDeck</a>","Last month, youth in #Uganda participated in community-based #malaria prevention activities, led by members of the‚Ä¶ https://t.co/sYzvBM4uV3",Last month youth participated community-based prevention activities led members the‚Ä¶,"Sentiment(polarity=0.0, subjectivity=0.06666666666666667)",0.0,0.06666666666666667,en,1,1,Banyan_Global,False,"Uganda, malaria",,"Washington, D.C.",
1145715981802704896,Mon Jul 01 15:29:11 +0000 2019,"<a href=""https://about.twitter.com/products/tweetdeck"" rel=""nofollow"">TweetDeck</a>","Stepping up before stepping down, UK PM @Theresa_May has pledged to increase UK investment in @GlobalFund by 15% to‚Ä¶ https://t.co/3CqGgOIZu3",Stepping stepping UK PM pledged increase UK investment 15 to‚Ä¶,"Sentiment(polarity=0.0, subjectivity=0.0)",0.0,0.0,en,2,0,LizSchrayer,False,,"theresa_may, GlobalFund","Washington, DC",
1145596137027452928,Mon Jul 01 07:32:57 +0000 2019,"<a href=""http://twitter.com/download/android"" rel=""nofollow"">Twitter for Android</a>",@Nicole_Cliffe This is #Typhoid Mary who is a foster...she is so mean she gave everything and everyone ringworm.‚Ä¶ https://t.co/xmOyaSJlEk,This Mary foster ... mean gave everything everyone ringworm.‚Ä¶,"Sentiment(polarity=-0.3125, subjectivity=0.6875)",-0.3125,0.6875,en,0,0,Kwilsonrn1,False,Typhoid,Nicole_Cliffe,"California, USA",
1145590784684691457,Mon Jul 01 07:11:41 +0000 2019,"<a href=""http://twitter.com/download/iphone"" rel=""nofollow"">Twitter for iPhone</a>",RT @GlobalPHObserv: Trying to eradicate #malaria around the world  #GIS high-resolution maps to identify disease risk &amp;  target areas of hi‚Ä¶,Trying eradicate around world high-resolution maps identify disease risk amp target areas hi‚Ä¶,"Sentiment(polarity=0.0, subjectivity=0.0)",0.0,0.0,en,0,10,nwnancy,,"malaria, GIS",GlobalPHObserv,"Seattle, WA",
1145553906845593600,Mon Jul 01 04:45:09 +0000 2019,"<a href=""http://twitter.com/download/android"" rel=""nofollow"">Twitter for Android</a>","RT @ScienceAlly: There were 219 million #malaria cases worldwide in 2017 that caused 435,000 deaths, mainly of children under five. With @W‚Ä¶","There 219 million cases worldwide 2017 caused 435,000 deaths mainly children five With ‚Ä¶","Sentiment(polarity=0.16666666666666666, subjectivity=0.3333333333333333)",0.16666666666666666,0.3333333333333333,en,0,11,UgandaBIC,,malaria,ScienceAlly,NaCRRI-Namulonge,
1145482630877601793,Mon Jul 01 00:01:55 +0000 2019,"<a href=""http://twitter.com/download/iphone"" rel=""nofollow"">Twitter for iPhone</a>","RT @ScienceAlly: There were 219 million #malaria cases worldwide in 2017 that caused 435,000 deaths, mainly of children under five. With @W‚Ä¶","There 219 million cases worldwide 2017 caused 435,000 deaths mainly children five With ‚Ä¶","Sentiment(polarity=0.16666666666666666, subjectivity=0.3333333333333333)",0.16666666666666666,0.3333333333333333,en,0,11,weigl_,,malaria,ScienceAlly,West of Ireland ,
1145479613356789760,Sun Jun 30 23:49:56 +0000 2019,"<a href=""http://twitter.com"" rel=""nofollow"">Twitter Web Client</a>","RT @ScienceAlly: There were 219 million #malaria cases worldwide in 2017 that caused 435,000 deaths, mainly of children under five. With @W‚Ä¶","There 219 million cases worldwide 2017 caused 435,000 deaths mainly children five With ‚Ä¶","Sentiment(polarity=0.16666666666666666, subjectivity=0.3333333333333333)",0.16666666666666666,0.3333333333333333,en,0,11,henryimiller,,malaria,ScienceAlly,,
1145465257596465152,Sun Jun 30 22:52:53 +0000 2019,"<a href=""http://twitter.com/download/iphone"" rel=""nofollow"">Twitter for iPhone</a>","‚ÄúAfter 10 years of steady #decline, #malaria is back on the rise, especially among children under 5 years old, who‚Ä¶ https://t.co/0hjeayX65v",‚Äú After 10 years steady back rise especially among children 5 years old who‚Ä¶,"Sentiment(polarity=0.06666666666666667, subjectivity=0.425)",0.06666666666666667,0.425,en,0,0,CATALYSTcm,False,"decline, malaria",,"New York, NY",
1145377647259729921,Sun Jun 30 17:04:45 +0000 2019,"<a href=""https://mobile.twitter.com"" rel=""nofollow"">Twitter Web App</a>","RT @ScienceAlly: There were 219 million #malaria cases worldwide in 2017 that caused 435,000 deaths, mainly of children under five. With @W‚Ä¶","There 219 million cases worldwide 2017 caused 435,000 deaths mainly children five With ‚Ä¶","Sentiment(polarity=0.16666666666666666, subjectivity=0.3333333333333333)",0.16666666666666666,0.3333333333333333,en,0,11,OFABnigeria,,malaria,ScienceAlly,Nigeria ,
1145353851177963520,Sun Jun 30 15:30:12 +0000 2019,"<a href=""https://www.hootsuite.com"" rel=""nofollow"">Hootsuite Inc.</a>",#DYK Thailand is on track to eliminate #malaria by 2024? You might hear that ‚Äòsurveillance‚Äô is key to malaria elimi‚Ä¶ https://t.co/V9a0gD0Q0S,Thailand track eliminate 2024 You might hear ‚Äò surveillance ‚Äô key malaria elimi‚Ä¶,"Sentiment(polarity=0.0, subjectivity=1.0)",0.0,1.0,en,5,2,USAIDAsiaHQ,False,"DYK, malaria",,"Washington, DC",
1145352824563339265,Sun Jun 30 15:26:07 +0000 2019,"<a href=""https://mobile.twitter.com"" rel=""nofollow"">Twitter Web App</a>","RT @ScienceAlly: There were 219 million #malaria cases worldwide in 2017 that caused 435,000 deaths, mainly of children under five. With @W‚Ä¶","There 219 million cases worldwide 2017 caused 435,000 deaths mainly children five With ‚Ä¶","Sentiment(polarity=0.16666666666666666, subjectivity=0.3333333333333333)",0.16666666666666666,0.3333333333333333,en,0,11,alain_co,,malaria,ScienceAlly,"Ile-de-France, France",
1145349820883906561,Sun Jun 30 15:14:11 +0000 2019,"<a href=""http://twitter.com"" rel=""nofollow"">Twitter Web Client</a>","RT @ScienceAlly: There were 219 million #malaria cases worldwide in 2017 that caused 435,000 deaths, mainly of children under five. With @W‚Ä¶","There 219 million cases worldwide 2017 caused 435,000 deaths mainly children five With ‚Ä¶","Sentiment(polarity=0.16666666666666666, subjectivity=0.3333333333333333)",0.16666666666666666,0.3333333333333333,en,0,11,prometheusgreen,,malaria,ScienceAlly,,
1145346550270324736,Sun Jun 30 15:01:11 +0000 2019,"<a href=""http://twitter.com"" rel=""nofollow"">Twitter Web Client</a>","RT @ScienceAlly: There were 219 million #malaria cases worldwide in 2017 that caused 435,000 deaths, mainly of children under five. With @W‚Ä¶","There 219 million cases worldwide 2017 caused 435,000 deaths mainly children five With ‚Ä¶","Sentiment(polarity=0.16666666666666666, subjectivity=0.3333333333333333)",0.16666666666666666,0.3333333333333333,en,0,11,keikokub,,malaria,ScienceAlly,"Oakland, CA",
1145329168604962817,Sun Jun 30 13:52:07 +0000 2019,"<a href=""http://twitter.com/download/android"" rel=""nofollow"">Twitter for Android</a>",RT @ShopsPlus: üî• Hot off the press! New brief looks at the #evidence on #privatesector models to accelerate the reduction of #child morbidi‚Ä¶,Hot press New brief looks models accelerate reduction morbidi‚Ä¶,"Sentiment(polarity=0.12878787878787878, subjectivity=0.545959595959596)",0.12878787878787878,0.545959595959596,en,0,3,isodaf4africa,,"evidence, privatesector, child",ShopsPlus,"Minna, Niger State.",
1145308045158649856,Sun Jun 30 12:28:11 +0000 2019,"<a href=""http://twitter.com"" rel=""nofollow"">Twitter Web Client</a>",RT @GlobalPHObserv: .@TheLancet high-resolution maps of P vivax clinical burden and prevalence highlight important spatial and temporal pat‚Ä¶,high-resolution maps P vivax clinical burden prevalence highlight important spatial temporal pat‚Ä¶,"Sentiment(polarity=0.4, subjectivity=1.0)",0.4,1.0,en,0,4,syakirharis25,,,"GlobalPHObserv, TheLancet",Malaysia,
1145294069146558464,Sun Jun 30 11:32:39 +0000 2019,"<a href=""http://twitter.com/download/iphone"" rel=""nofollow"">Twitter for iPhone</a>","RT @abtassociates: Ever wonder if there was a better way to count mosquito eggs? @Gabrielkrieshok did.

Watch his lightning talk at #SIDWCo‚Ä¶",Ever wonder better way count mosquito eggs Watch lightning talk ‚Ä¶,"Sentiment(polarity=0.5, subjectivity=0.5)",0.5,0.5,en,0,6,AbtKathleen,,,"abtassociates, gabrielkrieshok","Bethesda, MD",
1145242587332263936,Sun Jun 30 08:08:05 +0000 2019,"<a href=""http://twitter.com/download/android"" rel=""nofollow"">Twitter for Android</a>",https://t.co/KpOBiOGIXH @ProMED_mail novel conceptual framework relationship between #placental #malaria &amp; adverse‚Ä¶ https://t.co/zAkzyNZ1ZM,novel conceptual framework relationship amp adverse‚Ä¶,"Sentiment(polarity=0.0, subjectivity=0.0)",0.0,0.0,en,2,2,bbbrieger,False,"placental, malaria",ProMED_mail,malaria,"[[-76.381944, 39.4511423], [-76.2668197, 39.4511423], [-76.2668197, 39.555058], [-76.381944, 39.555058]]"
1145229146911629312,Sun Jun 30 07:14:40 +0000 2019,"<a href=""http://twitter.com/download/android"" rel=""nofollow"">Twitter for Android</a>","RT @ScienceAlly: There were 219 million #malaria cases worldwide in 2017 that caused 435,000 deaths, mainly of children under five. With @W‚Ä¶","There 219 million cases worldwide 2017 caused 435,000 deaths mainly children five With ‚Ä¶","Sentiment(polarity=0.16666666666666666, subjectivity=0.3333333333333333)",0.16666666666666666,0.3333333333333333,en,0,11,Habimana_JClaud,,malaria,ScienceAlly,Rwanda,
1145138775879667713,Sun Jun 30 01:15:34 +0000 2019,"<a href=""http://twitter.com/download/iphone"" rel=""nofollow"">Twitter for iPhone</a>","RT @abtassociates: Ever wonder if there was a better way to count mosquito eggs? @Gabrielkrieshok did.

Watch his lightning talk at #SIDWCo‚Ä¶",Ever wonder better way count mosquito eggs Watch lightning talk ‚Ä¶,"Sentiment(polarity=0.5, subjectivity=0.5)",0.5,0.5,en,0,6,sidwashington,,,"abtassociates, gabrielkrieshok","Washington, DC",
1145116476778717185,Sat Jun 29 23:46:57 +0000 2019,"<a href=""http://twitter.com/download/android"" rel=""nofollow"">Twitter for Android</a>","RT @ScienceAlly: There were 219 million #malaria cases worldwide in 2017 that caused 435,000 deaths, mainly of children under five. With @W‚Ä¶","There 219 million cases worldwide 2017 caused 435,000 deaths mainly children five With ‚Ä¶","Sentiment(polarity=0.16666666666666666, subjectivity=0.3333333333333333)",0.16666666666666666,0.3333333333333333,en,0,11,Phytophilia1,,malaria,ScienceAlly,,
1145091470078033921,Sat Jun 29 22:07:35 +0000 2019,"<a href=""https://dlvrit.com/"" rel=""nofollow"">dlvr.it</a>",DETECTION AND QUANTIFICATION OF MALARIA PARASITE USING NEURAL NETWORKS https://t.co/7mjWQd4YMh #neuralnetworks‚Ä¶ https://t.co/mbMALOpTTP,DETECTION AND QUANTIFICATION OF MALARIA PARASITE USING NEURAL NETWORKS ‚Ä¶,"Sentiment(polarity=0.0, subjectivity=0.0)",0.0,0.0,en,0,0,RichardJOrtegaV,False,neuralnetworks,,NYC,
1145085890101776384,Sat Jun 29 21:45:25 +0000 2019,"<a href=""http://twitter.com/download/android"" rel=""nofollow"">Twitter for Android</a>","RT @ScienceAlly: There were 219 million #malaria cases worldwide in 2017 that caused 435,000 deaths, mainly of children under five. With @W‚Ä¶","There 219 million cases worldwide 2017 caused 435,000 deaths mainly children five With ‚Ä¶","Sentiment(polarity=0.16666666666666666, subjectivity=0.3333333333333333)",0.16666666666666666,0.3333333333333333,en,0,11,RR_in_PH,,malaria,ScienceAlly,"Los Banos,Philippines",
1145079999378132993,Sat Jun 29 21:22:01 +0000 2019,"<a href=""https://sproutsocial.com"" rel=""nofollow"">Sprout Social</a>","There were 219 million #malaria cases worldwide in 2017 that caused 435,000 deaths, mainly of children under five.‚Ä¶ https://t.co/gvqewyekSC","There 219 million cases worldwide 2017 caused 435,000 deaths mainly children five.‚Ä¶","Sentiment(polarity=0.16666666666666666, subjectivity=0.3333333333333333)",0.16666666666666666,0.3333333333333333,en,16,11,ScienceAlly,False,malaria,,"Ithaca, NY",
1144992936062590976,Sat Jun 29 15:36:03 +0000 2019,"<a href=""http://twitter.com/download/iphone"" rel=""nofollow"">Twitter for iPhone</a>","RT @abtassociates: Ever wonder if there was a better way to count mosquito eggs? @Gabrielkrieshok did.

Watch his lightning talk at #SIDWCo‚Ä¶",Ever wonder better way count mosquito eggs Watch lightning talk ‚Ä¶,"Sentiment(polarity=0.5, subjectivity=0.5)",0.5,0.5,en,0,6,misspdw,,,"abtassociates, gabrielkrieshok","Rockville, MD",
1144962487881740290,Sat Jun 29 13:35:04 +0000 2019,"<a href=""https://www.hootsuite.com"" rel=""nofollow"">Hootsuite Inc.</a>",How can you cut your chances of getting #malaria on holiday? @rtwalton123 blogs the evidence from @Cochrane_IDG¬†‚Ä¶ https://t.co/YQqgwBNBv7,How cut chances getting holiday blogs evidence ‚Ä¶,"Sentiment(polarity=0.0, subjectivity=0.0)",0.0,0.0,en,0,0,Wiley_Health,False,malaria,"rtwalton123, Cochrane_IDG",Hoboken,
1144875364520534021,Sat Jun 29 07:48:52 +0000 2019,"<a href=""http://twitter.com/download/android"" rel=""nofollow"">Twitter for Android</a>","RT @CAMAnews: CAMA Q2 newsletter highlights outcomes from the 15th National Joint Annual Programme Review for #HIV, #tuberculosis &amp; #malari‚Ä¶",CAMA Q2 newsletter highlights outcomes 15th National Joint Annual Programme Review amp ‚Ä¶,"Sentiment(polarity=0.0, subjectivity=0.0)",0.0,0.0,en,0,3,HACEYHealth,,"HIV, tuberculosis",CAMAnews,"Lagos, Nigeria",
1144847429105270784,Sat Jun 29 05:57:51 +0000 2019,"<a href=""http://twitter.com/download/android"" rel=""nofollow"">Twitter for Android</a>",RT @ShopsPlus: üî• Hot off the press! New brief looks at the #evidence on #privatesector models to accelerate the reduction of #child morbidi‚Ä¶,Hot press New brief looks models accelerate reduction morbidi‚Ä¶,"Sentiment(polarity=0.12878787878787878, subjectivity=0.545959595959596)",0.12878787878787878,0.545959595959596,en,0,3,faryus88,,"evidence, privatesector, child",ShopsPlus,"Dar es Salaam, Tanzania",
1144842657845272576,Sat Jun 29 05:38:54 +0000 2019,"<a href=""http://twitter.com/#!/download/ipad"" rel=""nofollow"">Twitter for iPad</a>","RT @abtassociates: Ever wonder if there was a better way to count mosquito eggs? @Gabrielkrieshok did.

Watch his lightning talk at #SIDWCo‚Ä¶",Ever wonder better way count mosquito eggs Watch lightning talk ‚Ä¶,"Sentiment(polarity=0.5, subjectivity=0.5)",0.5,0.5,en,0,6,AbtDataScience,,,"abtassociates, gabrielkrieshok","Rockville, MD",
1144757461964021765,Sat Jun 29 00:00:22 +0000 2019,"<a href=""https://www.hootsuite.com"" rel=""nofollow"">Hootsuite Inc.</a>",Dr. Yoel Margalith developed a natural microbial agent that has little negative impact on the environment and is ch‚Ä¶ https://t.co/HercDImymT,Dr. Yoel Margalith developed natural microbial agent little negative impact environment ch‚Ä¶,"Sentiment(polarity=-0.071875, subjectivity=0.4)",-0.071875,0.4,en,0,1,ESFI_USA,False,,,"New York, USA",
1144712614175490048,Fri Jun 28 21:02:09 +0000 2019,"<a href=""http://twitter.com"" rel=""nofollow"">Twitter Web Client</a>","Bishop David Njovu opened this week's #malaria training for religious leaders in Zambia, in partnership with‚Ä¶ https://t.co/STRtvhL4V2",Bishop David Njovu opened week 's training religious leaders Zambia partnership with‚Ä¶,"Sentiment(polarity=0.0, subjectivity=0.25)",0.0,0.25,en,1,0,JCFFoundation,False,malaria,,"New York, New York",
1144707552988581890,Fri Jun 28 20:42:02 +0000 2019,"<a href=""http://twitter.com"" rel=""nofollow"">Twitter Web Client</a>","RT @abtassociates: Ever wonder if there was a better way to count mosquito eggs? @Gabrielkrieshok did.

Watch his lightning talk at #SIDWCo‚Ä¶",Ever wonder better way count mosquito eggs Watch lightning talk ‚Ä¶,"Sentiment(polarity=0.5, subjectivity=0.5)",0.5,0.5,en,0,6,eric_tischler,,,"abtassociates, gabrielkrieshok","Washington, DC",
1144706275390971907,Fri Jun 28 20:36:58 +0000 2019,"<a href=""http://twitter.com"" rel=""nofollow"">Twitter Web Client</a>",RT @IAmBiotech: How do you defend against the world's deadliest animal? #mosquitoes #Zika #WestNile #Dengue #Malaria https://t.co/3X1pkOnjac,How defend world 's deadliest animal,"Sentiment(polarity=0.0, subjectivity=0.0)",0.0,0.0,en,0,3,JmsOlvr,False,"mosquitoes, Zika, WestNile, Dengue, Malaria",IAmBiotech,"Gainesville, FL",
1144706052870606848,Fri Jun 28 20:36:05 +0000 2019,"<a href=""https://buffer.com"" rel=""nofollow"">Buffer</a>",How do you defend against the world's deadliest animal? #mosquitoes #Zika #WestNile #Dengue #Malaria https://t.co/3X1pkOnjac,How defend world 's deadliest animal,"Sentiment(polarity=0.0, subjectivity=0.0)",0.0,0.0,en,4,3,IAmBiotech,False,"mosquitoes, Zika, WestNile, Dengue, Malaria",,"Washington, DC",
1144695965695250435,Fri Jun 28 19:56:00 +0000 2019,"<a href=""https://about.twitter.com/products/tweetdeck"" rel=""nofollow"">TweetDeck</a>",üî• Hot off the press! New brief looks at the #evidence on #privatesector models to accelerate the reduction of‚Ä¶ https://t.co/ujhQxnqC8d,Hot press New brief looks models accelerate reduction of‚Ä¶,"Sentiment(polarity=0.12878787878787878, subjectivity=0.545959595959596)",0.12878787878787878,0.545959595959596,en,4,3,ShopsPlus,False,"evidence, privatesector",,"Rockville, MD",
1144645752557322240,Fri Jun 28 16:36:28 +0000 2019,"<a href=""http://twitter.com/download/android"" rel=""nofollow"">Twitter for Android</a>",RT @climatelinks: Learn about the shift in #malaria transmission patterns based on projected temperature rise and the influence of those ch‚Ä¶,Learn shift transmission patterns based projected temperature rise influence ch‚Ä¶,"Sentiment(polarity=0.0, subjectivity=0.0)",0.0,0.0,en,0,1,ATLAS_climate,,malaria,climatelinks,"Washington, DC",
1144638926109446146,Fri Jun 28 16:09:21 +0000 2019,"<a href=""http://twitter.com"" rel=""nofollow"">Twitter Web Client</a>","RT @CAMAnews: CAMA Q2 newsletter highlights outcomes from the 15th National Joint Annual Programme Review for #HIV, #tuberculosis &amp; #malari‚Ä¶",CAMA Q2 newsletter highlights outcomes 15th National Joint Annual Programme Review amp ‚Ä¶,"Sentiment(polarity=0.0, subjectivity=0.0)",0.0,0.0,en,0,3,GBCHealth,,"HIV, tuberculosis",CAMAnews,New York City,
1144636120166256641,Fri Jun 28 15:58:12 +0000 2019,"<a href=""http://twitter.com"" rel=""nofollow"">Twitter Web Client</a>","RT @CAMAnews: CAMA Q2 newsletter highlights outcomes from the 15th National Joint Annual Programme Review for #HIV, #tuberculosis &amp; #malari‚Ä¶",CAMA Q2 newsletter highlights outcomes 15th National Joint Annual Programme Review amp ‚Ä¶,"Sentiment(polarity=0.0, subjectivity=0.0)",0.0,0.0,en,0,3,Ochikzee,,"HIV, tuberculosis",CAMAnews,,
1144634611613540358,Fri Jun 28 15:52:12 +0000 2019,"<a href=""http://twitter.com"" rel=""nofollow"">Twitter Web Client</a>","CAMA Q2 newsletter highlights outcomes from the 15th National Joint Annual Programme Review for #HIV, #tuberculosis‚Ä¶ https://t.co/TFKqeLk0UJ",CAMA Q2 newsletter highlights outcomes 15th National Joint Annual Programme Review ‚Ä¶,"Sentiment(polarity=0.0, subjectivity=0.0)",0.0,0.0,en,1,3,CAMAnews,False,"HIV, tuberculosis",,"New York, NY",
1144630416529403906,Fri Jun 28 15:35:32 +0000 2019,"<a href=""http://twitter.com"" rel=""nofollow"">Twitter Web Client</a>",Eradicating #Malaria 'Still Many Years Away' https://t.co/eU9UVv7JJB,Eradicating 'Still Many Years Away,"Sentiment(polarity=0.5, subjectivity=0.5)",0.5,0.5,en,0,0,knwachter,False,Malaria,,"Baltimore, MD",
1144628444430589952,Fri Jun 28 15:27:41 +0000 2019,"<a href=""http://twitter.com/download/iphone"" rel=""nofollow"">Twitter for iPhone</a>","RT @abtassociates: Ever wonder if there was a better way to count mosquito eggs? @Gabrielkrieshok did.

Watch his lightning talk at #SIDWCo‚Ä¶",Ever wonder better way count mosquito eggs Watch lightning talk ‚Ä¶,"Sentiment(polarity=0.5, subjectivity=0.5)",0.5,0.5,en,0,6,AbtCareers,,,"abtassociates, gabrielkrieshok","US-based, worldwide impact",
1144624751228456960,Fri Jun 28 15:13:01 +0000 2019,"<a href=""https://www.hootsuite.com"" rel=""nofollow"">Hootsuite Inc.</a>",Learn about the shift in #malaria transmission patterns based on projected temperature rise and the influence of th‚Ä¶ https://t.co/AanCFwdFqh,Learn shift transmission patterns based projected temperature rise influence th‚Ä¶,"Sentiment(polarity=0.0, subjectivity=0.0)",0.0,0.0,en,0,1,climatelinks,False,malaria,,"Washington, DC",
1144619225199316993,Fri Jun 28 14:51:03 +0000 2019,"<a href=""https://sproutsocial.com"" rel=""nofollow"">Sprout Social</a>","Ever wonder if there was a better way to count mosquito eggs? @Gabrielkrieshok did.

Watch his lightning talk at‚Ä¶ https://t.co/dENuoygmp8",Ever wonder better way count mosquito eggs Watch lightning talk at‚Ä¶,"Sentiment(polarity=0.5, subjectivity=0.5)",0.5,0.5,en,5,6,abtassociates,False,,gabrielkrieshok,"Rockville, MD",
1144609861835153409,Fri Jun 28 14:13:51 +0000 2019,"<a href=""http://twitter.com/download/android"" rel=""nofollow"">Twitter for Android</a>","RT @Banyan_Global: #New on our website: ""Banyan Global #Gender and #Youth Team Launches Community-Based #Malaria Activity in #Uganda"" https‚Ä¶",website `` Banyan Global Team Launches Community-Based Activity `` https‚Ä¶,"Sentiment(polarity=0.0, subjectivity=0.0)",0.0,0.0,en,0,1,faryus88,False,"New, Gender, Youth, Malaria, Uganda",Banyan_Global,"Dar es Salaam, Tanzania",
1144601342054293504,Fri Jun 28 13:40:00 +0000 2019,"<a href=""https://about.twitter.com/products/tweetdeck"" rel=""nofollow"">TweetDeck</a>","#New on our website: ""Banyan Global #Gender and #Youth Team Launches Community-Based #Malaria Activity in #Uganda"" https://t.co/Nc9Kn3kWYA",website `` Banyan Global Team Launches Community-Based Activity ``,"Sentiment(polarity=0.0, subjectivity=0.0)",0.0,0.0,en,1,1,Banyan_Global,False,"New, Gender, Youth, Malaria, Uganda",,"Washington, D.C.",
1144599035115909120,Fri Jun 28 13:30:50 +0000 2019,"<a href=""https://www.hootsuite.com"" rel=""nofollow"">Hootsuite Inc.</a>","Did you know? Africa carries a disproportionately high share of the global #malaria burden. In 2017, the region was‚Ä¶ https://t.co/Mcr6rJCEtU",Did know Africa carries disproportionately high share global burden In 2017 region was‚Ä¶,"Sentiment(polarity=0.08, subjectivity=0.26999999999999996)",0.08,0.26999999999999996,en,2,0,healthmap,,malaria,,"Boston, MA",
1144593858044551168,Fri Jun 28 13:10:15 +0000 2019,"<a href=""http://twitter.com"" rel=""nofollow"">Twitter Web Client</a>","RT @abtassociates: In just 2018 alone, the @PMIVectorLink project protected over 840,000 people from #malaria. Learn how our work has helpe‚Ä¶","In 2018 alone project protected 840,000 people Learn work helpe‚Ä¶","Sentiment(polarity=0.0, subjectivity=0.0)",0.0,0.0,en,0,2,misspdw,,malaria,"abtassociates, PMIVectorLink","Rockville, MD",
1144587019185729540,Fri Jun 28 12:43:05 +0000 2019,"<a href=""http://twitter.com/download/iphone"" rel=""nofollow"">Twitter for iPhone</a>",Our latest @TED_ED is here! #Tuberculosis is one of the world‚Äôs deadliest communicable diseases causing more deaths‚Ä¶ https://t.co/s1GXYlvETz,Our latest one world ‚Äô deadliest communicable diseases causing deaths‚Ä¶,"Sentiment(polarity=0.5, subjectivity=0.9)",0.5,0.9,en,12,3,augenblicknyc,False,Tuberculosis,TED_ED,"Brooklyn, NY","[[-74.107995, 40.666879], [-74.0253309, 40.666879], [-74.0253309, 40.769124], [-74.107995, 40.769124]]"
1144580770830442497,Fri Jun 28 12:18:15 +0000 2019,"<a href=""http://twitter.com/download/android"" rel=""nofollow"">Twitter for Android</a>",https://t.co/MzFcehtc5L #Asymptomatic #malaria infections and¬†#Pfmdr1¬†#mutations in an endemic area of #Nigeria. %‚Ä¶ https://t.co/doLcJMmqPm,infections endemic area ‚Ä¶,"Sentiment(polarity=0.0, subjectivity=0.0)",0.0,0.0,en,2,0,bbbrieger,False,"Asymptomatic, malaria, Pfmdr1, mutations, Nigeria",,malaria,"[[-76.381944, 39.4511423], [-76.2668197, 39.4511423], [-76.2668197, 39.555058], [-76.381944, 39.555058]]"
1144544440620634117,Fri Jun 28 09:53:53 +0000 2019,"<a href=""http://twitter.com/#!/download/ipad"" rel=""nofollow"">Twitter for iPad</a>","Also, not to downplay the issues nor the @PrakashLab‚Äôs amazing efforts, but important to point out that #malaria ac‚Ä¶ https://t.co/OcNibIqgrP",Also downplay issues ‚Äô amazing efforts important point ac‚Ä¶,"Sentiment(polarity=0.5, subjectivity=0.95)",0.5,0.95,en,0,0,pcr_guy,,malaria,PrakashLab,"Cambridge, MA",
1144543232724021254,Fri Jun 28 09:49:05 +0000 2019,"<a href=""http://twitter.com/#!/download/ipad"" rel=""nofollow"">Twitter for iPad</a>",I do wonder if $250 is still too steep: Colombian #malaria programs saw expertise of well-trained workers languish‚Ä¶ https://t.co/w56ui8Bdpi,I wonder 250 still steep Colombian programs saw expertise well-trained workers languish‚Ä¶,"Sentiment(polarity=0.0, subjectivity=0.0)",0.0,0.0,en,0,0,pcr_guy,,malaria,,"Cambridge, MA",
1144470701513986049,Fri Jun 28 05:00:53 +0000 2019,"<a href=""http://twitter.com/download/android"" rel=""nofollow"">Twitter for Android</a>",RT @Jhpiego: Pregnant women and babies are some of the most vulnerable to #malaria. Up to 6 doses of 3 pills can keep them healthy! With @I‚Ä¶,Pregnant women babies vulnerable Up 6 doses 3 pills keep healthy With ‚Ä¶,"Sentiment(polarity=0.1111111111111111, subjectivity=0.5)",0.1111111111111111,0.5,en,0,3,numulisa,,malaria,Jhpiego,,
1144390607550504961,Thu Jun 27 23:42:37 +0000 2019,"<a href=""http://twitter.com/download/android"" rel=""nofollow"">Twitter for Android</a>",RT @HughLaurious: SIGN THE PETITION &gt;&gt;&gt;&gt;&gt;&gt;#MALARIA Must die #HughLaurie  here...https://t.co/kxljRNaapA  DO SOMETHING https://t.co/yXU3DZEU‚Ä¶,SIGN THE PETITION gt gt gt gt gt gt Must die ... DO SOMETHING,"Sentiment(polarity=0.0, subjectivity=0.0)",0.0,0.0,en,0,3,carpediem_isso,False,"MALARIA, HughLaurie",HughLaurious,"Catamarca, Argentina",
1144343659070021633,Thu Jun 27 20:36:03 +0000 2019,"<a href=""https://sproutsocial.com"" rel=""nofollow"">Sprout Social</a>","In just 2018 alone, the @PMIVectorLink project protected over 840,000 people from #malaria. Learn how our work has‚Ä¶ https://t.co/22OfQ6a6Tz","In 2018 alone project protected 840,000 people Learn work has‚Ä¶","Sentiment(polarity=0.0, subjectivity=0.0)",0.0,0.0,en,3,2,abtassociates,False,malaria,PMIVectorLink,"Rockville, MD",
1144340379317231616,Thu Jun 27 20:23:01 +0000 2019,"<a href=""http://twitter.com"" rel=""nofollow"">Twitter Web Client</a>","RT @KGeorgieva: Every 2 minutes, a child dies of #malaria. Today on #WorldMalariaDay let's remember there cannot be inclusive growth until‚Ä¶",Every 2 minutes child dies Today let 's remember inclusive growth until‚Ä¶,"Sentiment(polarity=0.0, subjectivity=0.0)",0.0,0.0,en,0,24,KristalinaGeo11,,"malaria, WorldMalariaDay",KGeorgieva,"Washington, DC",
1144302657017921536,Thu Jun 27 17:53:08 +0000 2019,"<a href=""http://twitter.com/#!/download/ipad"" rel=""nofollow"">Twitter for iPad</a>","RT @brinatello: For #RedNoseDay 2015, #PeterCapaldi visited Malawi and read a 'death book' of many children contracting #malaria. Today, he‚Ä¶",For 2015 visited Malawi read 'death book many children contracting Today he‚Ä¶,"Sentiment(polarity=0.5, subjectivity=0.5)",0.5,0.5,en,0,10,MorriInge,,"RedNoseDay, PeterCapaldi, malaria",brinatello,,
1144298888398016512,Thu Jun 27 17:38:09 +0000 2019,"<a href=""http://twitter.com"" rel=""nofollow"">Twitter Web Client</a>","RT @Laurie_Garrett: Another mass #vaccination campaign unfolding in #Pakistan.
No, not polio.
Not measles.
It's #typhoid -- thanks to a new‚Ä¶",Another mass campaign unfolding No polio Not measles It 's -- thanks new‚Ä¶,"Sentiment(polarity=0.2, subjectivity=0.2)",0.2,0.2,en,0,6,PreventTyphoid,,"vaccination, Pakistan, typhoid",Laurie_Garrett,"Washington, DC",
1144298445915787264,Thu Jun 27 17:36:24 +0000 2019,"<a href=""http://twitter.com/download/android"" rel=""nofollow"">Twitter for Android</a>",RT @HughLaurious: SIGN THE PETITION &gt;&gt;&gt;&gt;&gt;&gt;#MALARIA Must die #HughLaurie  here...https://t.co/kxljRNaapA  DO SOMETHING https://t.co/yXU3DZEU‚Ä¶,SIGN THE PETITION gt gt gt gt gt gt Must die ... DO SOMETHING,"Sentiment(polarity=0.0, subjectivity=0.0)",0.0,0.0,en,0,3,gregorysgirl44,False,"MALARIA, HughLaurie",HughLaurious,Lancashire England ,
1144291495463280641,Thu Jun 27 17:08:47 +0000 2019,"<a href=""http://twitter.com/download/android"" rel=""nofollow"">Twitter for Android</a>",RT @HughLaurious: SIGN THE PETITION &gt;&gt;&gt;&gt;&gt;&gt;#MALARIA Must die #HughLaurie  here...https://t.co/kxljRNaapA  DO SOMETHING https://t.co/yXU3DZEU‚Ä¶,SIGN THE PETITION gt gt gt gt gt gt Must die ... DO SOMETHING,"Sentiment(polarity=0.0, subjectivity=0.0)",0.0,0.0,en,0,3,_isarebel_,False,"MALARIA, HughLaurie",HughLaurious,√Æle-de-France,
1144281058113970183,Thu Jun 27 16:27:18 +0000 2019,"<a href=""http://twitter.com/download/iphone"" rel=""nofollow"">Twitter for iPhone</a>","RT @brinatello: For #RedNoseDay 2015, #PeterCapaldi visited Malawi and read a 'death book' of many children contracting #malaria. Today, he‚Ä¶",For 2015 visited Malawi read 'death book many children contracting Today he‚Ä¶,"Sentiment(polarity=0.5, subjectivity=0.5)",0.5,0.5,en,0,10,Lionesskeeper,,"RedNoseDay, PeterCapaldi, malaria",brinatello,"Galway, Ireland",
1144268755779932161,Thu Jun 27 15:38:25 +0000 2019,"<a href=""http://twitter.com"" rel=""nofollow"">Twitter Web Client</a>",SIGN THE PETITION &gt;&gt;&gt;&gt;&gt;&gt;#MALARIA Must die #HughLaurie  here...https://t.co/kxljRNaapA  DO SOMETHING https://t.co/yXU3DZEUVh,SIGN THE PETITION gt gt gt gt gt gt Must die ... DO SOMETHING,"Sentiment(polarity=0.0, subjectivity=0.0)",0.0,0.0,en,10,3,HughLaurious,False,"MALARIA, HughLaurie",,"New York, N.Y.",
1144266913511616514,Thu Jun 27 15:31:06 +0000 2019,"<a href=""http://twitter.com"" rel=""nofollow"">Twitter Web Client</a>",RT @Jhpiego: Pregnant women and babies are some of the most vulnerable to #malaria. Up to 6 doses of 3 pills can keep them healthy! With @I‚Ä¶,Pregnant women babies vulnerable Up 6 doses 3 pills keep healthy With ‚Ä¶,"Sentiment(polarity=0.1111111111111111, subjectivity=0.5)",0.1111111111111111,0.5,en,0,3,JMOComms,,malaria,Jhpiego,International,
1144257671211704321,Thu Jun 27 14:54:22 +0000 2019,"<a href=""http://twitter.com"" rel=""nofollow"">Twitter Web Client</a>","#VaccinesWork to #StopSuperbugs by preventing illness and, therefore, the use &amp; misuse of antibiotics. üíâüö´üíä

Threats‚Ä¶ https://t.co/Uh0GpOYn8l",preventing illness therefore use amp misuse antibiotics Threats‚Ä¶,"Sentiment(polarity=0.0, subjectivity=0.0)",0.0,0.0,en,0,0,PreventTyphoid,False,"VaccinesWork, StopSuperbugs",,"Washington, DC",
1144253408548917248,Thu Jun 27 14:37:26 +0000 2019,"<a href=""http://twitter.com/download/iphone"" rel=""nofollow"">Twitter for iPhone</a>",Great job by @macarrasq1 et al. doing us all a huge favor and untangling why it's such a bother to do genome engine‚Ä¶ https://t.co/IbcSDErG8C,Great job et al us huge favor untangling 's bother genome engine‚Ä¶,"Sentiment(polarity=0.6000000000000001, subjectivity=0.825)",0.6000000000000001,0.825,en,3,0,pcr_guy,False,,macarrasq1,"Cambridge, MA",
1144247459348176897,Thu Jun 27 14:13:48 +0000 2019,"<a href=""https://app.agorapulse.com"" rel=""nofollow"">AgoraPulse Manager</a>",Going on a trip to a country where malaria is prevalent? Make sure you're prepared so your fun trip doesn't turn in‚Ä¶ https://t.co/L8tYcC0L1F,Going trip country malaria prevalent Make sure 're prepared fun trip n't turn in‚Ä¶,"Sentiment(polarity=0.4, subjectivity=0.5444444444444444)",0.4,0.5444444444444444,en,1,0,SingleCare,False,,,"New York, NY",
1144240022008356864,Thu Jun 27 13:44:14 +0000 2019,"<a href=""http://twitter.com/download/iphone"" rel=""nofollow"">Twitter for iPhone</a>",A CCP study found that only 14% of middle-class households in Ghana said they sleep under ü¶ü mosquito nets even thou‚Ä¶ https://t.co/HZOxd4LskG,A CCP study found 14 middle-class households Ghana said sleep ü¶ü mosquito nets even thou‚Ä¶,"Sentiment(polarity=0.0, subjectivity=0.0)",0.0,0.0,en,4,0,JohnsHopkinsCCP,False,,,"Baltimore, MD",
1144229559396470784,Thu Jun 27 13:02:40 +0000 2019,"<a href=""http://twitter.com"" rel=""nofollow"">Twitter Web Client</a>","RT @brinatello: For #RedNoseDay 2015, #PeterCapaldi visited Malawi and read a 'death book' of many children contracting #malaria. Today, he‚Ä¶",For 2015 visited Malawi read 'death book many children contracting Today he‚Ä¶,"Sentiment(polarity=0.5, subjectivity=0.5)",0.5,0.5,en,0,10,snarkycorvid42,,"RedNoseDay, PeterCapaldi, malaria",brinatello,"California, USA",
1144228415676936192,Thu Jun 27 12:58:07 +0000 2019,"<a href=""https://mobile.twitter.com"" rel=""nofollow"">Twitter Web App</a>","RT @brinatello: For #RedNoseDay 2015, #PeterCapaldi visited Malawi and read a 'death book' of many children contracting #malaria. Today, he‚Ä¶",For 2015 visited Malawi read 'death book many children contracting Today he‚Ä¶,"Sentiment(polarity=0.5, subjectivity=0.5)",0.5,0.5,en,0,10,ShramanaRakshit,,"RedNoseDay, PeterCapaldi, malaria",brinatello,"Kolkata,India",
1144168820694818816,Thu Jun 27 09:01:19 +0000 2019,"<a href=""http://twitter.com/download/android"" rel=""nofollow"">Twitter for Android</a>","RT @brinatello: ""A voice is powerful and yours can help end #malaria. Join @hughlaurie, @emelisande, #PeterCapaldi, #NcutiGatwa, and #NomaD‚Ä¶",`` A voice powerful help end Join ‚Ä¶,"Sentiment(polarity=0.3, subjectivity=1.0)",0.3,1.0,en,0,2,Tempus_Fugit0,,"malaria, PeterCapaldi, NcutiGatwa","brinatello, hughlaurie, emelisande",In my world,
1144168796967624704,Thu Jun 27 09:01:13 +0000 2019,"<a href=""http://twitter.com/download/android"" rel=""nofollow"">Twitter for Android</a>","RT @brinatello: For #RedNoseDay 2015, #PeterCapaldi visited Malawi and read a 'death book' of many children contracting #malaria. Today, he‚Ä¶",For 2015 visited Malawi read 'death book many children contracting Today he‚Ä¶,"Sentiment(polarity=0.5, subjectivity=0.5)",0.5,0.5,en,0,10,Tempus_Fugit0,,"RedNoseDay, PeterCapaldi, malaria",brinatello,In my world,
1144159362728042498,Thu Jun 27 08:23:44 +0000 2019,"<a href=""http://twitter.com/#!/download/ipad"" rel=""nofollow"">Twitter for iPad</a>","RT @brinatello: For #RedNoseDay 2015, #PeterCapaldi visited Malawi and read a 'death book' of many children contracting #malaria. Today, he‚Ä¶",For 2015 visited Malawi read 'death book many children contracting Today he‚Ä¶,"Sentiment(polarity=0.5, subjectivity=0.5)",0.5,0.5,en,0,10,angiecsi,,"RedNoseDay, PeterCapaldi, malaria",brinatello,Inside the Blue Boxüíô,
1144150071233196032,Thu Jun 27 07:46:48 +0000 2019,"<a href=""https://about.twitter.com/products/tweetdeck"" rel=""nofollow"">TweetDeck</a>","RT @brinatello: For #RedNoseDay 2015, #PeterCapaldi visited Malawi and read a 'death book' of many children contracting #malaria. Today, he‚Ä¶",For 2015 visited Malawi read 'death book many children contracting Today he‚Ä¶,"Sentiment(polarity=0.5, subjectivity=0.5)",0.5,0.5,en,0,10,inkeyes,,"RedNoseDay, PeterCapaldi, malaria",brinatello,"Ipswich, Suffolk, UK",
1144149997438377984,Thu Jun 27 07:46:31 +0000 2019,"<a href=""http://twitter.com"" rel=""nofollow"">Twitter Web Client</a>","For #RedNoseDay 2015, #PeterCapaldi visited Malawi and read a 'death book' of many children contracting #malaria. T‚Ä¶ https://t.co/62p5xU78ry",For 2015 visited Malawi read 'death book many children contracting T‚Ä¶,"Sentiment(polarity=0.5, subjectivity=0.5)",0.5,0.5,en,5,2,brinatello,False,"RedNoseDay, PeterCapaldi, malaria",,"California, USA",
1144119510888112128,Thu Jun 27 05:45:22 +0000 2019,"<a href=""http://twitter.com/download/android"" rel=""nofollow"">Twitter for Android</a>","RT @Laurie_Garrett: Another mass #vaccination campaign unfolding in #Pakistan.
No, not polio.
Not measles.
It's #typhoid -- thanks to a new‚Ä¶",Another mass campaign unfolding No polio Not measles It 's -- thanks new‚Ä¶,"Sentiment(polarity=0.2, subjectivity=0.2)",0.2,0.2,en,0,6,davemoskowitz10,,"vaccination, Pakistan, typhoid",Laurie_Garrett,"Waikiki Beach ,Oahu,Hawaii",
1144008615042228224,Wed Jun 26 22:24:43 +0000 2019,"<a href=""http://twitter.com/#!/download/ipad"" rel=""nofollow"">Twitter for iPad</a>","RT @Laurie_Garrett: Another mass #vaccination campaign unfolding in #Pakistan.
No, not polio.
Not measles.
It's #typhoid -- thanks to a new‚Ä¶",Another mass campaign unfolding No polio Not measles It 's -- thanks new‚Ä¶,"Sentiment(polarity=0.2, subjectivity=0.2)",0.2,0.2,en,0,6,JHBio1,,"vaccination, Pakistan, typhoid",Laurie_Garrett,San Francisco Bay Area,
1144001476647194624,Wed Jun 26 21:56:21 +0000 2019,"<a href=""http://twitter.com/#!/download/ipad"" rel=""nofollow"">Twitter for iPad</a>","RT @Laurie_Garrett: Another mass #vaccination campaign unfolding in #Pakistan.
No, not polio.
Not measles.
It's #typhoid -- thanks to a new‚Ä¶",Another mass campaign unfolding No polio Not measles It 's -- thanks new‚Ä¶,"Sentiment(polarity=0.2, subjectivity=0.2)",0.2,0.2,en,0,6,LRussellWolpe,,"vaccination, Pakistan, typhoid",Laurie_Garrett,Sydney AUS & Keystone CO,
1144000281501323265,Wed Jun 26 21:51:36 +0000 2019,"<a href=""http://twitter.com"" rel=""nofollow"">Twitter Web Client</a>","Another mass #vaccination campaign unfolding in #Pakistan.
No, not polio.
Not measles.
It's #typhoid -- thanks to a‚Ä¶ https://t.co/lENgRXMgA8",Another mass campaign unfolding No polio Not measles It 's -- thanks a‚Ä¶,"Sentiment(polarity=0.2, subjectivity=0.2)",0.2,0.2,en,1,6,Laurie_Garrett,False,"vaccination, Pakistan, typhoid",,"New York, NY",
1143997197857505288,Wed Jun 26 21:39:21 +0000 2019,"<a href=""http://twitter.com"" rel=""nofollow"">Twitter Web Client</a>",RT @Jhpiego: Pregnant women and babies are some of the most vulnerable to #malaria. Up to 6 doses of 3 pills can keep them healthy! With @I‚Ä¶,Pregnant women babies vulnerable Up 6 doses 3 pills keep healthy With ‚Ä¶,"Sentiment(polarity=0.1111111111111111, subjectivity=0.5)",0.1111111111111111,0.5,en,0,3,Impact_Malaria,,malaria,Jhpiego,,
1143929961037873157,Wed Jun 26 17:12:10 +0000 2019,"<a href=""http://twitter.com/download/android"" rel=""nofollow"">Twitter for Android</a>",RT @GlobalPHObserv: Trying to eradicate #malaria around the world  #GIS high-resolution maps to identify disease risk &amp;  target areas of hi‚Ä¶,Trying eradicate around world high-resolution maps identify disease risk amp target areas hi‚Ä¶,"Sentiment(polarity=0.0, subjectivity=0.0)",0.0,0.0,en,0,10,cayesil,,"malaria, GIS",GlobalPHObserv," Guayaquil, Ecuador",
1143910849968582658,Wed Jun 26 15:56:14 +0000 2019,"<a href=""https://mobile.twitter.com"" rel=""nofollow"">Twitter Web App</a>","RT @Laurie_Garrett: Another horror in #Venezuela -- huge criminal gold mining operations, featuring slave workers &amp; armed thugs, are drivin‚Ä¶",Another horror -- huge criminal gold mining operations featuring slave workers amp armed thugs drivin‚Ä¶,"Sentiment(polarity=2.7755575615628914e-17, subjectivity=0.7250000000000001)",2.7755575615628914e-17,0.7250000000000001,en,0,3,cmdilapi,,Venezuela,Laurie_Garrett,"Virginia, USA",
1143901508385345536,Wed Jun 26 15:19:06 +0000 2019,"<a href=""http://tapbots.com/tweetbot"" rel=""nofollow"">Tweetbot for iŒüS</a>","RT @Laurie_Garrett: Another horror in #Venezuela -- huge criminal gold mining operations, featuring slave workers &amp; armed thugs, are drivin‚Ä¶",Another horror -- huge criminal gold mining operations featuring slave workers amp armed thugs drivin‚Ä¶,"Sentiment(polarity=2.7755575615628914e-17, subjectivity=0.7250000000000001)",2.7755575615628914e-17,0.7250000000000001,en,0,3,DrPattiJones,,Venezuela,Laurie_Garrett,NC,
1143900090299506688,Wed Jun 26 15:13:28 +0000 2019,"<a href=""http://twitter.com"" rel=""nofollow"">Twitter Web Client</a>","Another horror in #Venezuela -- huge criminal gold mining operations, featuring slave workers &amp; armed thugs, are dr‚Ä¶ https://t.co/fzdxVw5cmH",Another horror -- huge criminal gold mining operations featuring slave workers amp armed thugs dr‚Ä¶,"Sentiment(polarity=2.7755575615628914e-17, subjectivity=0.7250000000000001)",2.7755575615628914e-17,0.7250000000000001,en,3,3,Laurie_Garrett,False,Venezuela,,"New York, NY",
1143872630887333888,Wed Jun 26 13:24:21 +0000 2019,"<a href=""http://twitter.com"" rel=""nofollow"">Twitter Web Client</a>",RT @GlobalPHObserv: Trying to eradicate #malaria around the world  #GIS high-resolution maps to identify disease risk &amp;  target areas of hi‚Ä¶,Trying eradicate around world high-resolution maps identify disease risk amp target areas hi‚Ä¶,"Sentiment(polarity=0.0, subjectivity=0.0)",0.0,0.0,en,0,10,NArulappan,,"malaria, GIS",GlobalPHObserv,,
1143872012206710784,Wed Jun 26 13:21:54 +0000 2019,"<a href=""http://twitter.com/download/android"" rel=""nofollow"">Twitter for Android</a>","https://t.co/4aGcWmidct #Knowledge, attitudes, and practices regarding #malaria control among the slash and burn cu‚Ä¶ https://t.co/KvvrO58LyS",attitudes practices regarding control among slash burn cu‚Ä¶,"Sentiment(polarity=0.0, subjectivity=0.0)",0.0,0.0,en,2,1,bbbrieger,False,"Knowledge, malaria",,malaria,"[[-76.381944, 39.4511423], [-76.2668197, 39.4511423], [-76.2668197, 39.555058], [-76.381944, 39.555058]]"
1143867622582378499,Wed Jun 26 13:04:27 +0000 2019,"<a href=""http://twitter.com/download/iphone"" rel=""nofollow"">Twitter for iPhone</a>",RT @GlobalPHObserv: Trying to eradicate #malaria around the world  #GIS high-resolution maps to identify disease risk &amp;  target areas of hi‚Ä¶,Trying eradicate around world high-resolution maps identify disease risk amp target areas hi‚Ä¶,"Sentiment(polarity=0.0, subjectivity=0.0)",0.0,0.0,en,0,10,equitylist,,"malaria, GIS",GlobalPHObserv,Washington DC USA,
1143866581702905857,Wed Jun 26 13:00:19 +0000 2019,"<a href=""https://sproutsocial.com"" rel=""nofollow"">Sprout Social</a>","Read our latest issue: https://t.co/qTmE2hWj1t
#colorectalcancer #menopause #malaria https://t.co/pvnQSwhzfk",Read latest issue,"Sentiment(polarity=0.5, subjectivity=0.9)",0.5,0.9,en,0,0,MedicalLetter,False,"colorectalcancer, menopause, malaria",,"New Rochelle, NY",
1143862239620935682,Wed Jun 26 12:43:04 +0000 2019,"<a href=""http://www.handmark.com"" rel=""nofollow"">TweetCaster for iOS</a>",RT @GlobalPHObserv: Trying to eradicate #malaria around the world  #GIS high-resolution maps to identify disease risk &amp;  target areas of hi‚Ä¶,Trying eradicate around world high-resolution maps identify disease risk amp target areas hi‚Ä¶,"Sentiment(polarity=0.0, subjectivity=0.0)",0.0,0.0,en,0,10,luciaruggiero,,"malaria, GIS",GlobalPHObserv,Washington DC,
1143860978540601344,Wed Jun 26 12:38:03 +0000 2019,"<a href=""http://www.handmark.com"" rel=""nofollow"">TweetCaster for iOS</a>",RT @GlobalPHObserv: Trying to eradicate #malaria around the world  #GIS high-resolution maps to identify disease risk &amp;  target areas of hi‚Ä¶,Trying eradicate around world high-resolution maps identify disease risk amp target areas hi‚Ä¶,"Sentiment(polarity=0.0, subjectivity=0.0)",0.0,0.0,en,0,10,CofHEQ,,"malaria, GIS",GlobalPHObserv,Washington DC USA ,
1143859734539329539,Wed Jun 26 12:33:07 +0000 2019,"<a href=""http://www.handmark.com"" rel=""nofollow"">TweetCaster for iOS</a>",RT @GlobalPHObserv: Trying to eradicate #malaria around the world  #GIS high-resolution maps to identify disease risk &amp;  target areas of hi‚Ä¶,Trying eradicate around world high-resolution maps identify disease risk amp target areas hi‚Ä¶,"Sentiment(polarity=0.0, subjectivity=0.0)",0.0,0.0,en,0,10,ghia1212,,"malaria, GIS",GlobalPHObserv,Washington DC USA ,
1143857285955014658,Wed Jun 26 12:23:23 +0000 2019,"<a href=""http://www.handmark.com"" rel=""nofollow"">TweetCaster for iOS</a>",RT @GlobalPHObserv: Trying to eradicate #malaria around the world  #GIS high-resolution maps to identify disease risk &amp;  target areas of hi‚Ä¶,Trying eradicate around world high-resolution maps identify disease risk amp target areas hi‚Ä¶,"Sentiment(polarity=0.0, subjectivity=0.0)",0.0,0.0,en,0,10,equityhealthdev,,"malaria, GIS",GlobalPHObserv,Washington DC USA,
1143853186974978049,Wed Jun 26 12:07:06 +0000 2019,"<a href=""http://twitter.com/download/android"" rel=""nofollow"">Twitter for Android</a>",RT @GlobalPHObserv: Trying to eradicate #malaria around the world  #GIS high-resolution maps to identify disease risk &amp;  target areas of hi‚Ä¶,Trying eradicate around world high-resolution maps identify disease risk amp target areas hi‚Ä¶,"Sentiment(polarity=0.0, subjectivity=0.0)",0.0,0.0,en,0,10,jaherom,,"malaria, GIS",GlobalPHObserv,"Bogota, Colombia",
1143849140952141824,Wed Jun 26 11:51:01 +0000 2019,"<a href=""http://www.handmark.com"" rel=""nofollow"">TweetCaster for iOS</a>",Trying to eradicate #malaria around the world  #GIS high-resolution maps to identify disease risk &amp;  target areas o‚Ä¶ https://t.co/Sshk2CqdXd,Trying eradicate around world high-resolution maps identify disease risk amp target areas o‚Ä¶,"Sentiment(polarity=0.0, subjectivity=0.0)",0.0,0.0,en,7,10,GlobalPHObserv,False,"malaria, GIS",,Baltimore MD USA,
1143810832444399616,Wed Jun 26 09:18:48 +0000 2019,"<a href=""http://twitter.com/download/iphone"" rel=""nofollow"">Twitter for iPhone</a>",Lou Miller kicking off the @ICPVR2019 #malaria #vivax https://t.co/s0mxqBJsZ7,Lou Miller kicking,"Sentiment(polarity=0.0, subjectivity=0.0)",0.0,0.0,en,3,0,camilahcoelho,False,"malaria, vivax",ICPVR2019,"Bethesda, MD",
1143802312764379136,Wed Jun 26 08:44:56 +0000 2019,"<a href=""http://twitter.com/download/iphone"" rel=""nofollow"">Twitter for iPhone</a>","RT @USPharmacopeia: USP-Ghana is making huge strides in securing its drug supply. In 2008, 30% of #malaria meds were bad‚Äîin 2017 it dropped‚Ä¶",USP-Ghana making huge strides securing drug supply In 2008 30 meds bad‚Äîin 2017 dropped‚Ä¶,"Sentiment(polarity=0.4000000000000001, subjectivity=0.9)",0.4000000000000001,0.9,en,0,5,Godfreylusiba11,,malaria,USPharmacopeia,"Kampala, Uganda",
1143794826024013825,Wed Jun 26 08:15:11 +0000 2019,"<a href=""http://twitter.com"" rel=""nofollow"">Twitter Web Client</a>","RT @USPharmacopeia: USP-Ghana is making huge strides in securing its drug supply. In 2008, 30% of #malaria meds were bad‚Äîin 2017 it dropped‚Ä¶",USP-Ghana making huge strides securing drug supply In 2008 30 meds bad‚Äîin 2017 dropped‚Ä¶,"Sentiment(polarity=0.4000000000000001, subjectivity=0.9)",0.4000000000000001,0.9,en,0,5,GPHF,,malaria,USPharmacopeia,Frankfurt/Germany,
1143608304121389062,Tue Jun 25 19:54:01 +0000 2019,"<a href=""https://sproutsocial.com"" rel=""nofollow"">Sprout Social</a>","Building capacity. That‚Äôs how we‚Äôre helping Ethiopia‚Äôs #privatesector expand its quality health services, from help‚Ä¶ https://t.co/Ch0iCAPDrB",Building capacity That ‚Äô ‚Äô helping Ethiopia ‚Äô expand quality health services help‚Ä¶,"Sentiment(polarity=0.0, subjectivity=0.0)",0.0,0.0,en,0,0,abtassociates,False,privatesector,,"Rockville, MD",
1143545180102021120,Tue Jun 25 15:43:11 +0000 2019,"<a href=""http://twitter.com/download/iphone"" rel=""nofollow"">Twitter for iPhone</a>",#Peacekeeping Boy Scouts in the Central African Republic. #whodathunkit #violenceprevention #publichealth‚Ä¶ https://t.co/TNd7hm8cHg,Boy Scouts Central African Republic ‚Ä¶,"Sentiment(polarity=0.0, subjectivity=0.125)",0.0,0.125,en,0,0,sdien,False,"Peacekeeping, whodathunkit, violenceprevention, publichealth",,"Arlington, MA","[[-71.2020954, 42.397429], [-71.132174, 42.397429], [-71.132174, 42.436652], [-71.2020954, 42.436652]]"
1143524187987832832,Tue Jun 25 14:19:46 +0000 2019,"<a href=""https://mobile.twitter.com"" rel=""nofollow"">Twitter Web App</a>","RT @PreventTyphoid: #DYK, appropriate antibiotics üíäare the only effective way to treat typhoid? 

Check out the latest research on #AMR &amp; #‚Ä¶",appropriate antibiotics effective way treat typhoid Check latest research amp ‚Ä¶,"Sentiment(polarity=0.5333333333333333, subjectivity=0.7333333333333334)",0.5333333333333333,0.7333333333333334,en,0,2,UMCVD,False,"DYK, AMR",PreventTyphoid,"Baltimore, MD",
